rep,rung,condition,dose,model,unit,misfit_ratio,misfit_ratio_ci90_lo,misfit_ratio_ci90_hi,overfit_ratio,overfit_ratio_ci90_lo,overfit_ratio_ci90_hi,misfit_verdict,overfit_verdict,verdict,passed,true_region,g_true,ref_est,ref_se,sim_gap,sim_se,sim_df,verdict_auditprec,ratio,ci_lo,ci_hi,verdict_popstop,r3_unstopped,stop_conditional,no_population_gap,resid,se,df,cell_min,cell_max,pass_0.2SD,pass_1pt,pass_2pt,R1,within_ev_ratio,R3,between_share,ev_ratio,load_min,phi,phi_lo90,R2,within_load_min
36,L1,null,0.0,1,both,1.1086963288330236,1.022018975220486,1.2389616280147793,0.9894216821005417,0.9117501656825061,1.0872886514359865,equivalent,equivalent,pass,True,,,,,,,,,,,,,,,,,,,,,,,,,,,,,,,,,
36,L1,null,0.0,1,clinical,1.124382663325558,1.0358666283738271,1.2765932825686817,1.0028844935081689,0.9082359493777908,1.1153217128029107,equivalent,equivalent,pass,True,,,,,,,,,,,,,,,,,,,,,,,,,,,,,,,,,
36,L1,null,0.0,1,narrative,1.0930099943404896,0.9566903897208264,1.240746169962488,0.9759588706929145,0.8730586681463568,1.078115593567565,equivalent,equivalent,pass,True,,,,,,,,,,,,,,,,,,,,,,,,,,,,,,,,,
36,L1,null,0.0,2,both,1.1740257408056776,1.085411389492607,1.3219277794518374,1.030901086332038,0.957156539337111,1.1501214700153393,equivalent,equivalent,pass,True,,,,,,,,,,,,,,,,,,,,,,,,,,,,,,,,,
36,L1,null,0.0,2,clinical,1.1339403208349952,1.0231964036203345,1.2959786504613797,0.9647737150523081,0.8855231861467355,1.0854486126342848,equivalent,equivalent,pass,True,,,,,,,,,,,,,,,,,,,,,,,,,,,,,,,,,
36,L1,null,0.0,2,narrative,1.2141111607763602,1.1083317860574171,1.3708860099863434,1.097028457611768,0.9977429863817294,1.2415435132132502,equivalent,equivalent,pass,True,,,,,,,,,,,,,,,,,,,,,,,,,,,,,,,,,
36,L1,null,0.0,3,both,1.169227371288737,1.0531884296207903,1.2964251964180387,0.9590850640385685,0.8873399320398057,1.0782653068028714,equivalent,equivalent,pass,True,,,,,,,,,,,,,,,,,,,,,,,,,,,,,,,,,
36,L1,null,0.0,3,clinical,1.1835903704765534,1.0628968687579219,1.3681034934777607,0.955934829700528,0.8704725993922486,1.102213294833685,equivalent,equivalent,pass,True,,,,,,,,,,,,,,,,,,,,,,,,,,,,,,,,,
36,L1,null,0.0,3,narrative,1.1548643721009206,1.0198981151831574,1.3085949476263814,0.9622352983766088,0.8636700197630796,1.087927922352267,equivalent,equivalent,pass,True,,,,,,,,,,,,,,,,,,,,,,,,,,,,,,,,,
36,L1,null,0.0,0,both,1.197011404896635,1.088345226378803,1.3309436674112576,0.9761257558957007,0.9148999225248462,1.0868798846562335,equivalent,equivalent,pass,True,,,,,,,,,,,,,,,,,,,,,,,,,,,,,,,,,
36,L1,null,0.0,0,clinical,1.141330777216663,0.9781390134262681,1.2875043222250928,0.9703031410937996,0.9087890745567989,1.119034584306834,equivalent,equivalent,pass,True,,,,,,,,,,,,,,,,,,,,,,,,,,,,,,,,,
36,L1,null,0.0,0,narrative,1.252692032576607,1.1215767383969877,1.4258008597987228,0.9819483706976018,0.896456767599095,1.111233698089837,equivalent,equivalent,pass,True,,,,,,,,,,,,,,,,,,,,,,,,,,,,,,,,,
36,L1,L1 shuffle,0.1,0,both,1.4021064439182684,1.266495263321445,1.5536756859958745,0.9227666091387404,0.8679820061840079,1.0326504951625235,equivalent or excess misfit,equivalent,undetermined,False,,,,,,,,,,,,,,,,,,,,,,,,,,,,,,,,,
36,L1,L1 shuffle,0.1,0,clinical,1.3275418996870272,1.182161501593031,1.5144489024426884,0.922815646455773,0.8620367678800985,1.0445482116624003,equivalent or excess misfit,equivalent,undetermined,False,,,,,,,,,,,,,,,,,,,,,,,,,,,,,,,,,
36,L1,L1 shuffle,0.1,0,narrative,1.4766709881495093,1.326548458660303,1.6610206232735654,0.9227175718217075,0.8390553253816535,1.044656563151893,equivalent or excess misfit,equivalent,undetermined,False,,,,,,,,,,,,,,,,,,,,,,,,,,,,,,,,,
36,L1,L1 shuffle,0.2,0,both,1.65321906412842,1.5068658107879231,1.8233594602632393,0.889217828699952,0.834069838055488,0.9910633748669412,excess misfit,equivalent,fail: excess misfit,False,,,,,,,,,,,,,,,,,,,,,,,,,,,,,,,,,
36,L1,L1 shuffle,0.2,0,clinical,1.5701116717354169,1.41489835939828,1.755695052802209,0.8844659803289485,0.8176786577359065,1.0086987793034554,equivalent or excess misfit,equivalent,undetermined,False,,,,,,,,,,,,,,,,,,,,,,,,,,,,,,,,,
36,L1,L1 shuffle,0.2,0,narrative,1.7363264565214231,1.5692310300794843,1.937841982551778,0.8939696770709555,0.8049604217089656,1.0130706016469242,excess misfit,equivalent,fail: excess misfit,False,,,,,,,,,,,,,,,,,,,,,,,,,,,,,,,,,
36,L1,L1 shuffle,0.4,0,both,2.113048573169115,1.9516931095929102,2.339864491465775,0.7787880793592935,0.7322129298146873,0.8583759735169523,excess misfit,equivalent,fail: excess misfit,False,,,,,,,,,,,,,,,,,,,,,,,,,,,,,,,,,
36,L1,L1 shuffle,0.4,0,clinical,2.0612247833078063,1.872926552144242,2.298015607423122,0.7748094932105067,0.7180151885602722,0.8875944766211027,excess misfit,equivalent,fail: excess misfit,False,,,,,,,,,,,,,,,,,,,,,,,,,,,,,,,,,
36,L1,L1 shuffle,0.4,0,narrative,2.164872363030424,1.9927827011397392,2.4193515169693405,0.7827666655080804,0.7030847812138858,0.8649572290146974,excess misfit,equivalent,fail: excess misfit,False,,,,,,,,,,,,,,,,,,,,,,,,,,,,,,,,,
36,L1,L1 shuffle,0.6,0,both,2.4796097066026674,2.300696655233419,2.7410168551406926,0.6855771785151877,0.635974934245522,0.7598863141419563,excess misfit,overfit deficit or equivalent,fail: excess misfit,False,,,,,,,,,,,,,,,,,,,,,,,,,,,,,,,,,
36,L1,L1 shuffle,0.6,0,clinical,2.425363211124888,2.245394495374262,2.729732771795873,0.6609538333718132,0.6109321269645471,0.7553597941086622,excess misfit,overfit deficit or equivalent,fail: excess misfit,False,,,,,,,,,,,,,,,,,,,,,,,,,,,,,,,,,
36,L1,L1 shuffle,0.6,0,narrative,2.5338562020804467,2.343181253564656,2.8307873224613243,0.710200523658562,0.6406480461814658,0.7951281856545387,excess misfit,overfit deficit or equivalent,fail: excess misfit,False,,,,,,,,,,,,,,,,,,,,,,,,,,,,,,,,,
36,L1,L1 shuffle,0.8,0,both,2.9439165686146915,2.7655842904017995,3.23647712733075,0.5780354494624462,0.5391637929581187,0.6332156578403322,excess misfit,overfit deficit,fail: excess misfit and overfit deficit,False,,,,,,,,,,,,,,,,,,,,,,,,,,,,,,,,,
36,L1,L1 shuffle,0.8,0,clinical,2.952721959245808,2.7330010327468917,3.2988326477462957,0.5533292593787354,0.5135238404237858,0.6173238861498785,excess misfit,overfit deficit,fail: excess misfit and overfit deficit,False,,,,,,,,,,,,,,,,,,,,,,,,,,,,,,,,,
36,L1,L1 shuffle,0.8,0,narrative,2.9351111779835763,2.6965645254064516,3.2438644812400512,0.6027416395461572,0.5428978127947912,0.6667099981773802,excess misfit,overfit deficit or equivalent,fail: excess misfit,False,,,,,,,,,,,,,,,,,,,,,,,,,,,,,,,,,
36,L1,L1 shuffle,1.0,0,both,3.360347067756164,3.1758694174039404,3.7504715423594392,0.46925821210549684,0.4342936528028849,0.5097099635487781,excess misfit,overfit deficit,fail: excess misfit and overfit deficit,False,,,,,,,,,,,,,,,,,,,,,,,,,,,,,,,,,
36,L1,L1 shuffle,1.0,0,clinical,3.385132790561413,3.1380030093317393,3.8087234171474935,0.4812425119770512,0.44337012688848904,0.5275137162004706,excess misfit,overfit deficit,fail: excess misfit and overfit deficit,False,,,,,,,,,,,,,,,,,,,,,,,,,,,,,,,,,
36,L1,L1 shuffle,1.0,0,narrative,3.335561344950916,3.1075258039320284,3.692870207787836,0.4572739122339424,0.4172390309205422,0.510665648249838,excess misfit,overfit deficit,fail: excess misfit and overfit deficit,False,,,,,,,,,,,,,,,,,,,,,,,,,,,,,,,,,
36,L1,L1 typical,0.1,0,both,1.1120718835183634,0.9920495675506031,1.2377072099695419,0.9085591474547187,0.8550198051105345,1.0090311671187675,equivalent,equivalent,pass,True,,,,,,,,,,,,,,,,,,,,,,,,,,,,,,,,,
36,L1,L1 typical,0.1,0,clinical,1.0730579225050576,0.9245753600784979,1.2333665102569469,0.910361947810562,0.846872794780019,1.025229432240429,equivalent,equivalent,pass,True,,,,,,,,,,,,,,,,,,,,,,,,,,,,,,,,,
36,L1,L1 typical,0.1,0,narrative,1.1510858445316685,0.999574155700961,1.310611308369708,0.9067563470988756,0.8358573435648736,1.0204823337635889,equivalent,equivalent,pass,True,,,,,,,,,,,,,,,,,,,,,,,,,,,,,,,,,
36,L1,L1 typical,0.2,0,both,1.0370718835183632,0.9247207885211419,1.1694604033528437,0.8648801680281265,0.804056642052601,0.955915800252633,equivalent,equivalent,pass,True,,,,,,,,,,,,,,,,,,,,,,,,,,,,,,,,,
36,L1,L1 typical,0.2,0,clinical,0.9841690336161687,0.8545911408067502,1.1149405266496948,0.8554193451005052,0.7987131738758505,0.9760673805678356,equivalent,equivalent,pass,True,,,,,,,,,,,,,,,,,,,,,,,,,,,,,,,,,
36,L1,L1 typical,0.2,0,narrative,1.0899747334205576,0.9738227133360785,1.2444983905160085,0.8743409909557477,0.7968032496395718,0.9793754498952435,equivalent,equivalent,pass,True,,,,,,,,,,,,,,,,,,,,,,,,,,,,,,,,,
36,L1,L1 typical,0.4,0,both,0.860716697178918,0.7788171346396134,0.9490866987586224,0.7244404545068202,0.669620651703581,0.8037149814958428,equivalent,equivalent,pass,True,,,,,,,,,,,,,,,,,,,,,,,,,,,,,,,,,
36,L1,L1 typical,0.4,0,clinical,0.8068932592493775,0.7131349430026255,0.911214497624156,0.7193196028641133,0.6742716197974693,0.8146029439370276,equivalent,equivalent,pass,True,,,,,,,,,,,,,,,,,,,,,,,,,,,,,,,,,
36,L1,L1 typical,0.4,0,narrative,0.9145401351084584,0.8125332123593872,1.0258105176797965,0.7295613061495269,0.6611905759002669,0.8017592452509099,equivalent,overfit deficit or equivalent,undetermined,False,,,,,,,,,,,,,,,,,,,,,,,,,,,,,,,,,
36,L1,L1 typical,0.6,0,both,0.666239201433609,0.603836025007787,0.733917594794238,0.5997349012880849,0.5637093356982427,0.6595169714868485,misfit deficit or equivalent,overfit deficit,fail: overfit deficit,False,,,,,,,,,,,,,,,,,,,,,,,,,,,,,,,,,
36,L1,L1 typical,0.6,0,clinical,0.6433728660708588,0.5781055464332963,0.7208317310230961,0.5730027676513527,0.536634667939906,0.6540718703657326,misfit deficit or equivalent,overfit deficit,fail: overfit deficit,False,,,,,,,,,,,,,,,,,,,,,,,,,,,,,,,,,
36,L1,L1 typical,0.6,0,narrative,0.6891055367963594,0.605822550574075,0.7696894192728627,0.6264670349248171,0.5659482424876924,0.6937854440432021,misfit deficit or equivalent,overfit deficit or equivalent,undetermined,False,,,,,,,,,,,,,,,,,,,,,,,,,,,,,,,,,
36,L1,L1 typical,0.8,0,both,0.4930218530061119,0.4486603161190359,0.5365841941464988,0.46697752630893097,0.4411745665793203,0.5034520649280955,misfit deficit,overfit deficit,fail: compressed (both tails in deficit),False,,,,,,,,,,,,,,,,,,,,,,,,,,,,,,,,,
36,L1,L1 typical,0.8,0,clinical,0.49459498975018584,0.44388285644794734,0.5486316625557814,0.4387341207670419,0.41562961669991294,0.48493402850826156,misfit deficit,overfit deficit,fail: compressed (both tails in deficit),False,,,,,,,,,,,,,,,,,,,,,,,,,,,,,,,,,
36,L1,L1 typical,0.8,0,narrative,0.49144871626203795,0.43822661196382967,0.5445696409253786,0.49522093185082,0.4485990338306781,0.5510318380740975,misfit deficit,overfit deficit,fail: compressed (both tails in deficit),False,,,,,,,,,,,,,,,,,,,,,,,,,,,,,,,,,
36,L1,L1 typical,1.0,0,both,0.3333333333333333,0.3154097222222223,0.3482083333333334,0.33333333333333365,0.3154097222222225,0.3482083333333336,misfit deficit,overfit deficit,fail: compressed (both tails in deficit),False,,,,,,,,,,,,,,,,,,,,,,,,,,,,,,,,,
36,L1,L1 typical,1.0,0,clinical,0.3388888888888889,0.3191527777777778,0.3569583333333333,0.3388888888888892,0.31915277777777795,0.3569583333333336,misfit deficit,overfit deficit,fail: compressed (both tails in deficit),False,,,,,,,,,,,,,,,,,,,,,,,,,,,,,,,,,
36,L1,L1 typical,1.0,0,narrative,0.3277777777777778,0.3058194444444444,0.34833333333333333,0.32777777777777806,0.3058194444444447,0.3483333333333336,misfit deficit,overfit deficit,fail: compressed (both tails in deficit),False,,,,,,,,,,,,,,,,,,,,,,,,,,,,,,,,,
36,L2,null,1.0,0,Black minus White,,,,,,,,,undetermined,,kept,-0.2844143880915472,-0.2845367455558618,0.11020245601921883,-0.5694444444444445,0.2706134175780803,11.0,undetermined,2.0013037097616206,-0.813911480989659,20.0,reference too imprecise,undetermined,False,False,,,,,,,,,,,,,,,,,,
36,L2,null,1.0,1,Black minus White,,,,,,,,,reference too imprecise,,kept,-0.2844143880915472,-0.2845367455558618,0.11020245601921883,-0.1236111111111111,0.2620774483716705,11.0,reference too imprecise,0.4344293418750834,-4.383588699327504,16.533344192294525,reference too imprecise,undetermined,True,False,,,,,,,,,,,,,,,,,,
36,L2,null,1.0,2,Black minus White,,,,,,,,,reference too imprecise,,kept,-0.2844143880915472,-0.2845367455558618,0.11020245601921883,-0.15,0.2457466462465239,11.0,reference too imprecise,0.5271726845225732,-3.484959059905777,18.25059605785358,reference too imprecise,undetermined,True,False,,,,,,,,,,,,,,,,,,
36,L2,null,1.0,3,Black minus White,,,,,,,,,undetermined,,kept,-0.2844143880915472,-0.2845367455558618,0.11020245601921883,-0.46527777777777773,0.2660856860336703,11.0,undetermined,1.6352115677320556,-1.219820867197587,20.0,reference too imprecise,undetermined,False,False,,,,,,,,,,,,,,,,,,
36,L2,null,1.0,pooled,Black minus White,,,,,,,,,reference too imprecise,,kept,-0.2844143880915472,-0.2845367455558618,0.11020245601921883,-0.32708333333333334,0.1306496309724307,43.78101362452304,reference too imprecise,1.1495293259728332,-0.022339931996471628,20.0,reference too imprecise,undetermined,True,False,,,,,,,,,,,,,,,,,,
36,L2,L2 gap,-0.5,0,Black minus White,,,,,,,,,reference too imprecise,,reversed,-0.2844143880915472,-0.2845367455558618,0.11020245601921883,-0.1428228623071237,0.2706134175780803,11.0,reference too imprecise,0.5019487448909615,-4.227088575723991,18.273594624056805,reference too imprecise,undetermined,True,False,,,,,,,,,,,,,,,,,,
36,L2,L2 gap,-0.5,1,Black minus White,,,,,,,,,undetermined,,reversed,-0.2844143880915472,-0.2845367455558618,0.11020245601921883,0.3030104710262097,0.26207744837167046,11.0,undetermined,-1.0649256229955757,-20.0,2.131529050800986,reference too imprecise,undetermined,False,False,,,,,,,,,,,,,,,,,,
36,L2,L2 gap,-0.5,2,Black minus White,,,,,,,,,undetermined,,reversed,-0.2844143880915472,-0.2845367455558618,0.11020245601921883,0.2766215821373208,0.24574664624652384,11.0,undetermined,-0.9721822803480858,-20.0,2.0572850551943285,reference too imprecise,undetermined,False,False,,,,,,,,,,,,,,,,,,
36,L2,L2 gap,-0.5,3,Black minus White,,,,,,,,,reference too imprecise,,reversed,-0.2844143880915472,-0.2845367455558618,0.11020245601921883,-0.03865619564045695,0.2660856860336703,11.0,undetermined,0.13585660286139653,-6.94143588366487,10.730682949871785,reference too imprecise,undetermined,True,False,,,,,,,,,,,,,,,,,,
36,L2,L2 gap,-0.5,pooled,Black minus White,,,,,,,,,undetermined,,reversed,-0.2844143880915472,-0.2845367455558618,0.11020245601921883,0.09953824880398746,0.13064963097243068,43.781013624523034,undetermined,-0.34982563889782586,-11.379318243529674,1.4475034229287829,reference too imprecise,undetermined,False,False,,,,,,,,,,,,,,,,,,
36,L2,L2 gap,0.0,0,Black minus White,,,,,,,,,reference too imprecise,,missing,-0.2844143880915472,-0.2845367455558618,0.11020245601921883,-0.2850300563528973,0.2706134175780803,11.0,reference too imprecise,1.0017337331811813,-2.427185715140962,20.0,reference too imprecise,undetermined,True,False,,,,,,,,,,,,,,,,,,
36,L2,L2 gap,0.0,1,Black minus White,,,,,,,,,undetermined,,missing,-0.2844143880915472,-0.2845367455558618,0.11020245601921883,0.16080327698043614,0.2620774483716705,11.0,undetermined,-0.5651406347053561,-19.532686002245516,3.7030504538108917,reference too imprecise,undetermined,False,False,,,,,,,,,,,,,,,,,,
36,L2,L2 gap,0.0,2,Black minus White,,,,,,,,,undetermined,,missing,-0.2844143880915472,-0.2845367455558618,0.11020245601921883,0.13441438809154724,0.2457466462465239,11.0,undetermined,-0.47239729205786635,-16.974153184112136,3.751865325517706,reference too imprecise,undetermined,False,False,,,,,,,,,,,,,,,,,,
36,L2,L2 gap,0.0,3,Black minus White,,,,,,,,,reference too imprecise,,missing,-0.2844143880915472,-0.2845367455558618,0.11020245601921883,-0.1808633896862305,0.2660856860336703,11.0,reference too imprecise,0.6356415911516161,-3.4911459022828506,20.0,reference too imprecise,undetermined,True,False,,,,,,,,,,,,,,,,,,
36,L2,L2 gap,0.0,pooled,Black minus White,,,,,,,,,reference too imprecise,,missing,-0.2844143880915472,-0.2845367455558618,0.11020245601921883,-0.042668945241786105,0.1306496309724307,43.78101362452304,undetermined,0.14995934939239372,-2.5593734315793615,6.810888121900293,reference too imprecise,undetermined,True,False,,,,,,,,,,,,,,,,,,
36,L2,L2 gap,0.5,0,Black minus White,,,,,,,,,undetermined,,attenuated,-0.2844143880915472,-0.2845367455558618,0.11020245601921883,-0.427237250398671,0.27061341757808033,11.0,undetermined,1.5015187214714012,-1.4737218461363963,20.0,reference too imprecise,undetermined,False,False,,,,,,,,,,,,,,,,,,
36,L2,L2 gap,0.5,1,Black minus White,,,,,,,,,undetermined,,attenuated,-0.2844143880915472,-0.2845367455558618,0.11020245601921883,0.018596082934662472,0.2620774483716705,11.0,undetermined,-0.06535564641513618,-9.457847927963714,7.6354646801064945,reference too imprecise,undetermined,False,False,,,,,,,,,,,,,,,,,,
36,L2,L2 gap,0.5,2,Black minus White,,,,,,,,,reference too imprecise,,attenuated,-0.2844143880915472,-0.2845367455558618,0.11020245601921883,-0.007792805954226489,0.24574664624652384,11.0,undetermined,0.027387696232353806,-7.595089468069225,8.358718588980329,reference too imprecise,undetermined,True,False,,,,,,,,,,,,,,,,,,
36,L2,L2 gap,0.5,3,Black minus White,,,,,,,,,reference too imprecise,,attenuated,-0.2844143880915472,-0.2845367455558618,0.11020245601921883,-0.3230705837320042,0.2660856860336703,11.0,reference too imprecise,1.1354265794418361,-2.0491854249388477,20.0,reference too imprecise,undetermined,True,False,,,,,,,,,,,,,,,,,,
36,L2,L2 gap,0.5,pooled,Black minus White,,,,,,,,,reference too imprecise,,attenuated,-0.2844143880915472,-0.2845367455558618,0.11020245601921883,-0.1848761392875598,0.1306496309724307,43.78101362452303,reference too imprecise,0.6497443376826137,-0.677232649482542,19.16383954269534,reference too imprecise,undetermined,True,False,,,,,,,,,,,,,,,,,,
36,L2,L2 gap,1.5,0,Black minus White,,,,,,,,,undetermined,,steepened,-0.2844143880915472,-0.2845367455558618,0.11020245601921883,-0.711651638490218,0.27061341757808033,11.0,undetermined,2.5010886980518396,-0.26746956684560463,20.0,reference too imprecise,undetermined,False,False,,,,,,,,,,,,,,,,,,
36,L2,L2 gap,1.5,1,Black minus White,,,,,,,,,reference too imprecise,,steepened,-0.2844143880915472,-0.2845367455558618,0.11020245601921883,-0.2658183051568847,0.2620774483716705,11.0,reference too imprecise,0.9342143301653031,-2.4406092809618274,20.0,reference too imprecise,undetermined,True,False,,,,,,,,,,,,,,,,,,
36,L2,L2 gap,1.5,2,Black minus White,,,,,,,,,reference too imprecise,,steepened,-0.2844143880915472,-0.2845367455558618,0.11020245601921883,-0.2922071940457736,0.24574664624652393,11.0,reference too imprecise,1.026957672812793,-1.9377433773022408,20.0,reference too imprecise,undetermined,True,False,,,,,,,,,,,,,,,,,,
36,L2,L2 gap,1.5,3,Black minus White,,,,,,,,,undetermined,,steepened,-0.2844143880915472,-0.2845367455558618,0.11020245601921883,-0.6074849718235514,0.26608568603367033,11.0,undetermined,2.1349965560222754,-0.6098105489992125,20.0,reference too imprecise,undetermined,False,False,,,,,,,,,,,,,,,,,,
36,L2,L2 gap,1.5,pooled,Black minus White,,,,,,,,,undetermined,,steepened,-0.2844143880915472,-0.2845367455558618,0.11020245601921883,-0.4692905273791069,0.1306496309724307,43.78101362452302,undetermined,1.6493143142630529,0.417488450704498,20.0,reference too imprecise,undetermined,False,False,,,,,,,,,,,,,,,,,,
36,L2,L2 gap,2.0,0,Black minus White,,,,,,,,,undetermined,,steepened,-0.2844143880915472,-0.2845367455558618,0.11020245601921883,-0.8538588325359919,0.2706134175780803,11.0,undetermined,3.000873686342061,0.23342880032706764,20.0,reference too imprecise,undetermined,False,False,,,,,,,,,,,,,,,,,,
36,L2,L2 gap,2.0,1,Black minus White,,,,,,,,,reference too imprecise,,steepened,-0.2844143880915472,-0.2845367455558618,0.11020245601921883,-0.40802549920265835,0.2620774483716705,11.0,undetermined,1.4339993184555229,-1.458155854127085,20.0,reference too imprecise,undetermined,True,False,,,,,,,,,,,,,,,,,,
36,L2,L2 gap,2.0,2,Black minus White,,,,,,,,,undetermined,,steepened,-0.2844143880915472,-0.2845367455558618,0.11020245601921883,-0.43441438809154725,0.2457466462465239,11.0,undetermined,1.5267426611030128,-1.1040296533372205,20.0,reference too imprecise,undetermined,False,False,,,,,,,,,,,,,,,,,,
36,L2,L2 gap,2.0,3,Black minus White,,,,,,,,,undetermined,,steepened,-0.2844143880915472,-0.2845367455558618,0.11020245601921883,-0.749692165869325,0.2660856860336703,11.0,undetermined,2.634781544312495,-0.08340511862956745,20.0,reference too imprecise,undetermined,False,False,,,,,,,,,,,,,,,,,,
36,L2,L2 gap,2.0,pooled,Black minus White,,,,,,,,,kept or steepened,,steepened,-0.2844143880915472,-0.2845367455558618,0.11020245601921883,-0.6114977214248807,0.1306496309724307,43.78101362452304,kept or steepened,2.149099302553273,0.7758111393190922,20.0,reference too imprecise,kept or steepened,False,False,,,,,,,,,,,,,,,,,,
36,L2,L2 gap,3.0,0,Black minus White,,,,,,,,,kept or steepened,,steepened,-0.2844143880915472,-0.2845367455558618,0.11020245601921883,-1.138273220627539,0.27061341757808033,11.0,kept or steepened,4.0004436629225,1.1258973291489751,20.0,reference too imprecise,kept or steepened,False,False,,,,,,,,,,,,,,,,,,
36,L2,L2 gap,3.0,1,Black minus White,,,,,,,,,undetermined,,steepened,-0.2844143880915472,-0.2845367455558618,0.11020245601921883,-0.6924398872942055,0.2620774483716705,11.0,undetermined,2.433569295035962,-0.24725647851679683,20.0,reference too imprecise,undetermined,False,False,,,,,,,,,,,,,,,,,,
36,L2,L2 gap,3.0,2,Black minus White,,,,,,,,,undetermined,,steepened,-0.2844143880915472,-0.2845367455558618,0.11020245601921883,-0.7188287761830944,0.24574664624652384,11.0,undetermined,2.5263126376834517,0.01628579912428526,20.0,reference too imprecise,undetermined,False,False,,,,,,,,,,,,,,,,,,
36,L2,L2 gap,3.0,3,Black minus White,,,,,,,,,kept or steepened,,steepened,-0.2844143880915472,-0.2845367455558618,0.11020245601921883,-1.034106553960872,0.2660856860336703,11.0,kept or steepened,3.634351520892934,0.8574237032145632,20.0,reference too imprecise,kept or steepened,False,False,,,,,,,,,,,,,,,,,,
36,L2,L2 gap,3.0,pooled,Black minus White,,,,,,,,,steepened,,steepened,-0.2844143880915472,-0.2845367455558618,0.11020245601921883,-0.8959121095164277,0.1306496309724307,43.78101362452303,steepened,3.148669279133712,1.3918807043463601,20.0,reference too imprecise,steepened,False,False,,,,,,,,,,,,,,,,,,
36,L2,null,1.0,0,Hispanic minus White,,,,,,,,,no population gap,,kept,-0.1833107413904787,-0.2321496533045907,0.12216748530284141,-0.07777777777777783,0.2599803584051177,11.0,reference too imprecise,0.33503292669461765,-20.0,20.0,no population gap,undetermined,True,True,,,,,,,,,,,,,,,,,,
36,L2,null,1.0,1,Hispanic minus White,,,,,,,,,no population gap,,kept,-0.1833107413904787,-0.2321496533045907,0.12216748530284141,0.0069444444444444935,0.24452298726685795,11.0,undetermined,-0.029913654169162477,-20.0,20.0,no population gap,undetermined,True,True,,,,,,,,,,,,,,,,,,
36,L2,null,1.0,2,Hispanic minus White,,,,,,,,,no population gap,,kept,-0.1833107413904787,-0.2321496533045907,0.12216748530284141,-0.24305555555555558,0.195449692276552,11.0,reference too imprecise,1.0469778959206795,-20.0,20.0,no population gap,undetermined,True,True,,,,,,,,,,,,,,,,,,
36,L2,null,1.0,3,Hispanic minus White,,,,,,,,,no population gap,,kept,-0.1833107413904787,-0.2321496533045907,0.12216748530284141,-0.2027777777777778,0.3107151610970697,11.0,reference too imprecise,0.8734787017395383,-20.0,20.0,no population gap,undetermined,True,True,,,,,,,,,,,,,,,,,,
36,L2,null,1.0,pooled,Hispanic minus White,,,,,,,,,no population gap,,kept,-0.1833107413904787,-0.2321496533045907,0.12216748530284141,-0.12916666666666668,0.12799554963087054,39.94042308381181,reference too imprecise,0.5563939675464182,-20.0,20.0,no population gap,undetermined,True,True,,,,,,,,,,,,,,,,,,
36,L2,null,1.0,0,Asian minus White,,,,,,,,,reference too imprecise,,kept,-0.9535949886775215,-1.0312838422932185,0.11367632284171958,-0.9680555555555554,0.29107413357178946,11.0,undetermined,0.9386897339562063,0.11819286293419441,1.857138036126029,reference too imprecise,undetermined,True,False,,,,,,,,,,,,,,,,,,
36,L2,null,1.0,1,Asian minus White,,,,,,,,,undetermined,,kept,-0.9535949886775215,-1.0312838422932185,0.11367632284171958,-0.7652777777777778,0.27063382965380806,11.0,undetermined,0.7420631899711188,-0.02060258586227148,1.5786471369382433,reference too imprecise,undetermined,False,False,,,,,,,,,,,,,,,,,,
36,L2,null,1.0,2,Asian minus White,,,,,,,,,undetermined,,kept,-0.9535949886775215,-1.0312838422932185,0.11367632284171958,-1.0416666666666667,0.2270204829157485,11.0,undetermined,1.0100678629370945,0.36714156978310347,1.771120962289947,reference too imprecise,undetermined,False,False,,,,,,,,,,,,,,,,,,
36,L2,null,1.0,3,Asian minus White,,,,,,,,,undetermined,,kept,-0.9535949886775215,-1.0312838422932185,0.11367632284171958,-0.9333333333333335,0.23318898854170703,11.0,undetermined,0.9050208051916367,0.24655370055729509,1.6640376029154391,reference too imprecise,undetermined,False,False,,,,,,,,,,,,,,,,,,
36,L2,null,1.0,pooled,Asian minus White,,,,,,,,,undetermined,,kept,-0.9535949886775215,-1.0312838422932185,0.11367632284171958,-0.9270833333333335,0.12842367018682205,42.18898663264252,undetermined,0.8989603980140142,0.5499804153376266,1.3884221362514868,reference too imprecise,undetermined,False,False,,,,,,,,,,,,,,,,,,
36,L2,null,1.0,0,Women minus Men,,,,,,,,,kept or steepened,,kept,0.8411336459223926,0.8270616161197542,0.08473920438843907,1.15625,0.19117983883498968,23.0,kept or steepened,1.398021595325228,0.7613034148732837,2.2099883576690584,reference too imprecise,kept or steepened,False,False,,,,,,,,,,,,,,,,,,
36,L2,null,1.0,1,Women minus Men,,,,,,,,,undetermined,,kept,0.8411336459223926,0.8270616161197542,0.08473920438843907,0.7631944444444444,0.20624308695452678,23.0,undetermined,0.9227782181756309,0.2592367779732292,1.6952465763496503,reference too imprecise,undetermined,False,False,,,,,,,,,,,,,,,,,,
36,L2,null,1.0,2,Women minus Men,,,,,,,,,undetermined,,kept,0.8411336459223926,0.8270616161197542,0.08473920438843907,0.8381944444444445,0.15734652814136948,23.0,undetermined,1.0134607000345648,0.49682492956631175,1.6549954267792832,reference too imprecise,undetermined,False,False,,,,,,,,,,,,,,,,,,
36,L2,null,1.0,3,Women minus Men,,,,,,,,,undetermined,,kept,0.8411336459223926,0.8270616161197542,0.08473920438843907,0.779861111111111,0.18261822314705936,23.0,undetermined,0.9429298808109494,0.3523349928831682,1.6465713175569954,reference too imprecise,undetermined,False,False,,,,,,,,,,,,,,,,,,
36,L2,null,1.0,pooled,Women minus Men,,,,,,,,,undetermined,,kept,0.8411336459223926,0.8270616161197542,0.08473920438843907,0.8843749999999999,0.09259903044748803,88.8859928624202,kept or steepened,1.0692975985865931,0.735067577524639,1.549797013177885,reference too imprecise,undetermined,False,False,,,,,,,,,,,,,,,,,,
36,L2,L2 gap,-0.5,0,Women minus Men,,,,,,,,,undetermined,,reversed,0.8411336459223926,0.8270616161197542,0.08473920438843907,-0.10545046888358899,0.19117983883498968,23.0,undetermined,-0.12750013642069483,-0.7644176606470401,0.4952847210360958,reference too imprecise,undetermined,False,False,,,,,,,,,,,,,,,,,,
36,L2,L2 gap,-0.5,1,Women minus Men,,,,,,,,,reversed or missing,,reversed,0.8411336459223926,0.8270616161197542,0.08473920438843907,-0.49850602443914455,0.20624308695452676,23.0,reversed or missing,-0.6027435135702919,-1.3327060436594977,0.05839105638072921,reference too imprecise,reversed or missing,False,False,,,,,,,,,,,,,,,,,,
36,L2,L2 gap,-0.5,2,Women minus Men,,,,,,,,,reversed or missing,,reversed,0.8411336459223926,0.8270616161197542,0.08473920438843907,-0.4235060244391445,0.15734652814136948,23.0,reversed or missing,-0.5120610317113581,-1.0752184468166406,-0.0077645948237280715,reference too imprecise,reversed or missing,False,False,,,,,,,,,,,,,,,,,,
36,L2,L2 gap,-0.5,3,Women minus Men,,,,,,,,,reversed or missing,,reversed,0.8411336459223926,0.8270616161197542,0.08473920438843907,-0.4818393577724778,0.18261822314705933,23.0,reversed or missing,-0.5825918509349732,-1.2347620044898,0.002697357384506248,reference too imprecise,reversed or missing,False,False,,,,,,,,,,,,,,,,,,
36,L2,L2 gap,-0.5,pooled,Women minus Men,,,,,,,,,reversed or missing,,reversed,0.8411336459223926,0.8270616161197542,0.08473920438843907,-0.3773254688835889,0.09259903044748803,88.88599286242021,reversed or missing,-0.4562241331593294,-0.799670770306922,-0.17319316771801338,reference too imprecise,reversed or missing,False,False,,,,,,,,,,,,,,,,,,
36,L2,L2 gap,0.0,0,Women minus Men,,,,,,,,,undetermined,,missing,0.8411336459223926,0.8270616161197542,0.08473920438843907,0.3151163540776074,0.19117983883498968,23.0,undetermined,0.38100710749461286,-0.23394873947797265,1.038778837911651,reference too imprecise,undetermined,False,False,,,,,,,,,,,,,,,,,,
36,L2,L2 gap,0.0,1,Women minus Men,,,,,,,,,undetermined,,missing,0.8411336459223926,0.8270616161197542,0.08473920438843907,-0.07793920147794818,0.20624308695452676,23.0,undetermined,-0.0942362696549842,-0.7784602768430742,0.5795522452076513,reference too imprecise,undetermined,False,False,,,,,,,,,,,,,,,,,,
36,L2,L2 gap,0.0,2,Women minus Men,,,,,,,,,undetermined,,missing,0.8411336459223926,0.8270616161197542,0.08473920438843907,-0.0029392014779481396,0.1573465281413695,23.0,undetermined,-0.003553787796050444,-0.5214587932019331,0.5139580164779782,reference too imprecise,undetermined,False,False,,,,,,,,,,,,,,,,,,
36,L2,L2 gap,0.0,3,Women minus Men,,,,,,,,,undetermined,,missing,0.8411336459223926,0.8270616161197542,0.08473920438843907,-0.061272534811281476,0.18261822314705936,23.0,undetermined,-0.07408460701966556,-0.6793346481980511,0.522962973614368,reference too imprecise,undetermined,False,False,,,,,,,,,,,,,,,,,,
36,L2,L2 gap,0.0,pooled,Women minus Men,,,,,,,,,missing or attenuated,,missing,0.8411336459223926,0.8270616161197542,0.08473920438843907,0.0432413540776074,0.09259903044748803,88.88599286242021,missing or attenuated,0.05228311075597816,-0.2333564071096982,0.34471113441251666,reference too imprecise,missing or attenuated,False,False,,,,,,,,,,,,,,,,,,
36,L2,L2 gap,0.5,0,Women minus Men,,,,,,,,,undetermined,,attenuated,0.8411336459223926,0.8270616161197542,0.08473920438843907,0.7356831770388036,0.1911798388349897,23.0,undetermined,0.8895143514099203,0.27373398426968326,1.6107185773874464,reference too imprecise,undetermined,False,False,,,,,,,,,,,,,,,,,,
36,L2,L2 gap,0.5,1,Women minus Men,,,,,,,,,undetermined,,attenuated,0.8411336459223926,0.8270616161197542,0.08473920438843907,0.3426276214832482,0.20624308695452676,23.0,undetermined,0.4142709742603235,-0.24907516337210311,1.1241819187052497,reference too imprecise,undetermined,False,False,,,,,,,,,,,,,,,,,,
36,L2,L2 gap,0.5,2,Women minus Men,,,,,,,,,undetermined,,attenuated,0.8411336459223926,0.8270616161197542,0.08473920438843907,0.4176276214832482,0.15734652814136954,23.0,undetermined,0.5049534561192572,0.0006599711900283095,1.0672374124275315,reference too imprecise,undetermined,False,False,,,,,,,,,,,,,,,,,,
36,L2,L2 gap,0.5,3,Women minus Men,,,,,,,,,undetermined,,attenuated,0.8411336459223926,0.8270616161197542,0.08473920438843907,0.3592942881499148,0.18261822314705936,23.0,undetermined,0.43442263689564203,-0.1518472065420854,1.069811379468204,reference too imprecise,undetermined,False,False,,,,,,,,,,,,,,,,,,
36,L2,L2 gap,0.5,pooled,Women minus Men,,,,,,,,,attenuated or kept,,attenuated,0.8411336459223926,0.8270616161197542,0.08473920438843907,0.46380817703880367,0.09259903044748805,88.88599286242022,attenuated or kept,0.5607903546712857,0.2730207460541714,0.9233477304525753,reference too imprecise,attenuated or kept,False,False,,,,,,,,,,,,,,,,,,
36,L2,L2 gap,1.5,0,Women minus Men,,,,,,,,,kept or steepened,,steepened,0.8411336459223926,0.8270616161197542,0.08473920438843907,1.576816822961196,0.19117983883498968,23.0,steepened,1.9065288392405353,1.2303969690451189,2.8314893254378584,reference too imprecise,kept or steepened,False,False,,,,,,,,,,,,,,,,,,
36,L2,L2 gap,1.5,1,Women minus Men,,,,,,,,,undetermined,,steepened,0.8411336459223926,0.8270616161197542,0.08473920438843907,1.1837612674056406,0.20624308695452676,23.0,kept or steepened,1.4312854620909383,0.7488175048390883,2.291909284492108,reference too imprecise,undetermined,False,False,,,,,,,,,,,,,,,,,,
36,L2,L2 gap,1.5,2,Women minus Men,,,,,,,,,kept or steepened,,steepened,0.8411336459223926,0.8270616161197542,0.08473920438843907,1.2587612674056408,0.15734652814136948,23.0,kept or steepened,1.5219679439498723,0.9698416423938148,2.272001231121533,reference too imprecise,kept or steepened,False,False,,,,,,,,,,,,,,,,,,
36,L2,L2 gap,1.5,3,Women minus Men,,,,,,,,,kept or steepened,,steepened,0.8411336459223926,0.8270616161197542,0.08473920438843907,1.2004279340723074,0.18261822314705933,23.0,kept or steepened,1.4514371247262572,0.8357641428996083,2.2511115896126315,reference too imprecise,kept or steepened,False,False,,,,,,,,,,,,,,,,,,
36,L2,L2 gap,1.5,pooled,Women minus Men,,,,,,,,,kept or steepened,,steepened,0.8411336459223926,0.8270616161197542,0.08473920438843907,1.304941822961196,0.09259903044748803,88.88599286242021,kept or steepened,1.5778048425019005,1.1719780742879464,2.201746342027611,reference too imprecise,kept or steepened,False,False,,,,,,,,,,,,,,,,,,
36,L2,L2 gap,2.0,0,Women minus Men,,,,,,,,,steepened,,steepened,0.8411336459223926,0.8270616161197542,0.08473920438843907,1.9973836459223924,0.19117983883498968,23.0,steepened,2.415036083155843,1.6839394771114695,3.469293848863414,reference too imprecise,steepened,False,False,,,,,,,,,,,,,,,,,,
36,L2,L2 gap,2.0,1,Women minus Men,,,,,,,,,kept or steepened,,steepened,0.8411336459223926,0.8270616161197542,0.08473920438843907,1.604328090366837,0.20624308695452676,23.0,kept or steepened,1.939792706006246,1.2209897093836752,2.909962089057993,reference too imprecise,kept or steepened,False,False,,,,,,,,,,,,,,,,,,
36,L2,L2 gap,2.0,2,Women minus Men,,,,,,,,,steepened,,steepened,0.8411336459223926,0.8270616161197542,0.08473920438843907,1.6793280903668368,0.1573465281413695,23.0,steepened,2.0304751878651794,1.4235304062608753,2.9096379780882264,reference too imprecise,steepened,False,False,,,,,,,,,,,,,,,,,,
36,L2,L2 gap,2.0,3,Women minus Men,,,,,,,,,steepened,,steepened,0.8411336459223926,0.8270616161197542,0.08473920438843907,1.6209947570335037,0.18261822314705933,23.0,steepened,1.9599443686415647,1.3004529640258415,2.8774137279825305,reference too imprecise,steepened,False,False,,,,,,,,,,,,,,,,,,
36,L2,L2 gap,2.0,pooled,Women minus Men,,,,,,,,,steepened,,steepened,0.8411336459223926,0.8270616161197542,0.08473920438843907,1.7255086459223925,0.09259903044748803,88.88599286242024,steepened,2.0863120864172084,1.596117248298123,2.866063718314073,reference too imprecise,steepened,False,False,,,,,,,,,,,,,,,,,,
36,L2,L2 gap,3.0,0,Women minus Men,,,,,,,,,steepened,,steepened,0.8411336459223926,0.8270616161197542,0.08473920438843907,2.8385172918447856,0.19117983883498968,23.0,steepened,3.432050570986459,2.558615080335233,4.775716088429664,reference too imprecise,steepened,False,False,,,,,,,,,,,,,,,,,,
36,L2,L2 gap,3.0,1,Women minus Men,,,,,,,,,steepened,,steepened,0.8411336459223926,0.8270616161197542,0.08473920438843907,2.4454617362892295,0.20624308695452676,23.0,steepened,2.956807193836861,2.123138016698843,4.190250478940257,reference too imprecise,steepened,False,False,,,,,,,,,,,,,,,,,,
36,L2,L2 gap,3.0,2,Women minus Men,,,,,,,,,steepened,,steepened,0.8411336459223926,0.8270616161197542,0.08473920438843907,2.5204617362892296,0.1573465281413695,23.0,steepened,3.047489675695795,2.2933625120482812,4.2204879113897364,reference too imprecise,steepened,False,False,,,,,,,,,,,,,,,,,,
36,L2,L2 gap,3.0,3,Women minus Men,,,,,,,,,steepened,,steepened,0.8411336459223926,0.8270616161197542,0.08473920438843907,2.462128402955896,0.18261822314705936,23.0,steepened,2.9769588564721796,2.1882115378650737,4.171574249239284,reference too imprecise,steepened,False,False,,,,,,,,,,,,,,,,,,
36,L2,L2 gap,3.0,pooled,Women minus Men,,,,,,,,,steepened,,steepened,0.8411336459223926,0.8270616161197542,0.08473920438843907,2.566642291844785,0.09259903044748803,88.88599286242021,steepened,3.1033265742478235,2.4272525996512924,4.211112320747512,reference too imprecise,steepened,False,False,,,,,,,,,,,,,,,,,,
36,L2,null,1.0,0,Low minus High SES,,,,,,,,,undetermined,,kept,1.297439720488184,1.301171174076955,0.12237934437793524,1.571875,0.2494703590999228,15.0,undetermined,1.2080462826999538,0.6623112006589861,1.8705200364296073,undetermined,undetermined,False,False,,,,,,,,,,,,,,,,,,
36,L2,null,1.0,1,Low minus High SES,,,,,,,,,undetermined,,kept,1.297439720488184,1.301171174076955,0.12237934437793524,1.2760416666666665,0.2438738704721645,15.0,undetermined,0.9806870088187166,0.45463502793434485,1.5972994176263016,undetermined,undetermined,False,False,,,,,,,,,,,,,,,,,,
36,L2,null,1.0,2,Low minus High SES,,,,,,,,,undetermined,,kept,1.297439720488184,1.301171174076955,0.12237934437793524,1.3510416666666667,0.20848033008513636,15.0,undetermined,1.0383273881125514,0.5809477959268492,1.59674134715325,undetermined,undetermined,False,False,,,,,,,,,,,,,,,,,,
36,L2,null,1.0,3,Low minus High SES,,,,,,,,,undetermined,,kept,1.297439720488184,1.301171174076955,0.12237934437793524,1.4677083333333334,0.230586353782972,15.0,undetermined,1.1279902003474056,0.6230545398459789,1.7422012033059584,undetermined,undetermined,False,False,,,,,,,,,,,,,,,,,,
36,L2,null,1.0,pooled,Low minus High SES,,,,,,,,,kept or steepened,,kept,1.297439720488184,1.301171174076955,0.12237934437793524,1.4166666666666667,0.11681824540494835,58.970297084028445,kept or steepened,1.088762719994657,0.7982542547608021,1.5035488659908323,kept or steepened,kept or steepened,False,False,,,,,,,,,,,,,,,,,,
36,L2,L2 gap,-0.5,0,Low minus High SES,,,,,,,,,reversed or missing,,reversed,1.297439720488184,1.301171174076955,0.12237934437793524,-0.37428458073227605,0.2494703590999228,15.0,reversed or missing,-0.28765206929656423,-0.8431624659590925,0.24540278080898495,reversed or missing,reversed or missing,False,False,,,,,,,,,,,,,,,,,,
36,L2,L2 gap,-0.5,1,Low minus High SES,,,,,,,,,reversed or missing,,reversed,1.297439720488184,1.301171174076955,0.12237934437793524,-0.6701179140656095,0.2438738704721645,15.0,reversed or missing,-0.5150113431778015,-1.0764597279186274,0.0042458376119399715,reversed or missing,reversed or missing,False,False,,,,,,,,,,,,,,,,,,
36,L2,L2 gap,-0.5,2,Low minus High SES,,,,,,,,,reversed or missing,,reversed,1.297439720488184,1.301171174076955,0.12237934437793524,-0.5951179140656094,0.2084803300851363,15.0,reversed or missing,-0.45737096388396664,-0.938926924766596,-0.013467630274034725,reversed or missing,reversed or missing,False,False,,,,,,,,,,,,,,,,,,
36,L2,L2 gap,-0.5,3,Low minus High SES,,,,,,,,,reversed or missing,,reversed,1.297439720488184,1.301171174076955,0.12237934437793524,-0.47845124739894274,0.23058635378297196,15.0,reversed or missing,-0.3677081516491125,-0.8884663236952389,0.123770285978336,reversed or missing,reversed or missing,False,False,,,,,,,,,,,,,,,,,,
36,L2,L2 gap,-0.5,pooled,Low minus High SES,,,,,,,,,reversed or missing,,reversed,1.297439720488184,1.301171174076955,0.12237934437793524,-0.5294929140656095,0.11681824540494835,58.97029708402846,reversed or missing,-0.4069356320018613,-0.6812382144593794,-0.17685475066522088,reversed or missing,reversed or missing,False,False,,,,,,,,,,,,,,,,,,
36,L2,L2 gap,0.0,0,Low minus High SES,,,,,,,,,undetermined,,missing,1.297439720488184,1.301171174076955,0.12237934437793524,0.274435279511816,0.24947035909992282,15.0,undetermined,0.2109140480356085,-0.3235583936031666,0.76167722169626,undetermined,undetermined,False,False,,,,,,,,,,,,,,,,,,
36,L2,L2 gap,0.0,1,Low minus High SES,,,,,,,,,undetermined,,missing,1.297439720488184,1.301171174076955,0.12237934437793524,-0.02139805382151734,0.24387387047216452,15.0,undetermined,-0.01644522584562867,-0.5456360493485348,0.511491583803358,undetermined,undetermined,False,False,,,,,,,,,,,,,,,,,,
36,L2,L2 gap,0.0,2,Low minus High SES,,,,,,,,,undetermined,,missing,1.297439720488184,1.301171174076955,0.12237934437793524,0.053601946178482615,0.2084803300851363,15.0,undetermined,0.041195153448206075,-0.4091644107423831,0.4946980137426897,undetermined,undetermined,False,False,,,,,,,,,,,,,,,,,,
36,L2,L2 gap,0.0,3,Low minus High SES,,,,,,,,,undetermined,,missing,1.297439720488184,1.301171174076955,0.12237934437793524,0.17026861284514938,0.230586353782972,15.0,undetermined,0.13085796568306024,-0.3646839477113139,0.6364364590769068,undetermined,undetermined,False,False,,,,,,,,,,,,,,,,,,
36,L2,L2 gap,0.0,pooled,Low minus High SES,,,,,,,,,missing or attenuated,,missing,1.297439720488184,1.301171174076955,0.12237934437793524,0.11922694617848267,0.11681824540494835,58.970297084028445,missing or attenuated,0.09163048533031155,-0.1370948503895959,0.3300496246733457,missing or attenuated,missing or attenuated,False,False,,,,,,,,,,,,,,,,,,
36,L2,L2 gap,0.5,0,Low minus High SES,,,,,,,,,undetermined,,attenuated,1.297439720488184,1.301171174076955,0.12237934437793524,0.923155139755908,0.24947035909992282,15.0,undetermined,0.7094801653677812,0.17733028926529604,1.30246800377476,undetermined,undetermined,False,False,,,,,,,,,,,,,,,,,,
36,L2,L2 gap,0.5,1,Low minus High SES,,,,,,,,,undetermined,,attenuated,1.297439720488184,1.301171174076955,0.12237934437793524,0.6273218064225747,0.2438738704721645,15.0,undetermined,0.4821208914865441,-0.03717939221781955,1.0406095651181362,undetermined,undetermined,False,False,,,,,,,,,,,,,,,,,,
36,L2,L2 gap,0.5,2,Low minus High SES,,,,,,,,,undetermined,,attenuated,1.297439720488184,1.301171174076955,0.12237934437793524,0.7023218064225747,0.20848033008513636,15.0,undetermined,0.5397612707803788,0.09552657588473462,1.0295321117550489,undetermined,undetermined,False,False,,,,,,,,,,,,,,,,,,
36,L2,L2 gap,0.5,3,Low minus High SES,,,,,,,,,undetermined,,attenuated,1.297439720488184,1.301171174076955,0.12237934437793524,0.8189884730892414,0.230586353782972,15.0,undetermined,0.6294240830152329,0.13782184138511142,1.1746049067013327,undetermined,undetermined,False,False,,,,,,,,,,,,,,,,,,
36,L2,L2 gap,0.5,pooled,Low minus High SES,,,,,,,,,attenuated or kept,,attenuated,1.297439720488184,1.301171174076955,0.12237934437793524,0.7679468064225747,0.11681824540494837,58.97029708402848,attenuated or kept,0.5901966026624843,0.35031485297434767,0.8954191211554872,attenuated or kept,attenuated or kept,False,False,,,,,,,,,,,,,,,,,,
36,L2,L2 gap,1.5,0,Low minus High SES,,,,,,,,,kept or steepened,,steepened,1.297439720488184,1.301171174076955,0.12237934437793524,2.220594860244092,0.24947035909992277,15.0,kept or steepened,1.7066124000321268,1.12983223748147,2.461981969132975,kept or steepened,kept or steepened,False,False,,,,,,,,,,,,,,,,,,
36,L2,L2 gap,1.5,1,Low minus High SES,,,,,,,,,kept or steepened,,steepened,1.297439720488184,1.301171174076955,0.12237934437793524,1.9247615269107587,0.2438738704721645,15.0,kept or steepened,1.4792531261508894,0.9292326016624626,2.180119249505199,kept or steepened,kept or steepened,False,False,,,,,,,,,,,,,,,,,,
36,L2,L2 gap,1.5,2,Low minus High SES,,,,,,,,,kept or steepened,,steepened,1.297439720488184,1.301171174076955,0.12237934437793524,1.9997615269107587,0.2084803300851363,15.0,kept or steepened,1.5368935054447241,1.0455813870479096,2.191394170594395,kept or steepened,kept or steepened,False,False,,,,,,,,,,,,,,,,,,
36,L2,L2 gap,1.5,3,Low minus High SES,,,,,,,,,kept or steepened,,steepened,1.297439720488184,1.301171174076955,0.12237934437793524,2.116428193577425,0.23058635378297196,15.0,kept or steepened,1.626556317679578,1.0894345216355426,2.334936132938767,kept or steepened,kept or steepened,False,False,,,,,,,,,,,,,,,,,,
36,L2,L2 gap,1.5,pooled,Low minus High SES,,,,,,,,,kept or steepened,,steepened,1.297439720488184,1.301171174076955,0.12237934437793524,2.0653865269107587,0.11681824540494835,58.970297084028466,steepened,1.5873288373268297,1.2255849068547802,2.132149821843699,kept or steepened,kept or steepened,False,False,,,,,,,,,,,,,,,,,,
36,L2,L2 gap,2.0,0,Low minus High SES,,,,,,,,,steepened,,steepened,1.297439720488184,1.301171174076955,0.12237934437793524,2.869314720488184,0.2494703590999228,15.0,steepened,2.205178517364299,1.5809999525785923,3.0705956362417663,steepened,steepened,False,False,,,,,,,,,,,,,,,,,,
36,L2,L2 gap,2.0,1,Low minus High SES,,,,,,,,,steepened,,steepened,1.297439720488184,1.301171174076955,0.12237934437793524,2.5734813871548505,0.2438738704721645,15.0,steepened,1.977819243483062,1.3861964279002923,2.7829826223996488,steepened,steepened,False,False,,,,,,,,,,,,,,,,,,
36,L2,L2 gap,2.0,2,Low minus High SES,,,,,,,,,steepened,,steepened,1.297439720488184,1.301171174076955,0.12237934437793524,2.6484813871548507,0.2084803300851363,15.0,steepened,2.035459622776897,1.4917569094516638,2.8047313030765495,steepened,steepened,False,False,,,,,,,,,,,,,,,,,,
36,L2,L2 gap,2.0,3,Low minus High SES,,,,,,,,,steepened,,steepened,1.297439720488184,1.301171174076955,0.12237934437793524,2.7651480538215174,0.230586353782972,15.0,steepened,2.125122435011751,1.538512422703887,2.945545704490114,steepened,steepened,False,False,,,,,,,,,,,,,,,,,,
36,L2,L2 gap,2.0,pooled,Low minus High SES,,,,,,,,,steepened,,steepened,1.297439720488184,1.301171174076955,0.12237934437793524,2.714106387154851,0.11681824540494835,58.97029708402846,steepened,2.0858949546590027,1.643192347885937,2.770031450745167,steepened,steepened,False,False,,,,,,,,,,,,,,,,,,
36,L2,L2 gap,3.0,0,Low minus High SES,,,,,,,,,steepened,,steepened,1.297439720488184,1.301171174076955,0.12237934437793524,4.1667544409763675,0.24947035909992282,15.0,steepened,3.202310752028644,2.449129698931167,4.319168153066629,steepened,steepened,False,False,,,,,,,,,,,,,,,,,,
36,L2,L2 gap,3.0,1,Low minus High SES,,,,,,,,,steepened,,steepened,1.297439720488184,1.301171174076955,0.12237934437793524,3.8709211076430345,0.24387387047216455,15.0,steepened,2.9749514781474073,2.2609496860111107,4.025637027035262,steepened,steepened,False,False,,,,,,,,,,,,,,,,,,
36,L2,L2 gap,3.0,2,Low minus High SES,,,,,,,,,steepened,,steepened,1.297439720488184,1.301171174076955,0.12237934437793524,3.9459211076430347,0.20848033008513636,15.0,steepened,3.032591857441242,2.3496685105014894,4.062279616546495,steepened,steepened,False,False,,,,,,,,,,,,,,,,,,
36,L2,L2 gap,3.0,3,Low minus High SES,,,,,,,,,steepened,,steepened,1.297439720488184,1.301171174076955,0.12237934437793524,4.062587774309701,0.230586353782972,15.0,steepened,3.122254669676096,2.4021569667153733,4.198071555663779,steepened,steepened,False,False,,,,,,,,,,,,,,,,,,
36,L2,L2 gap,3.0,pooled,Low minus High SES,,,,,,,,,steepened,,steepened,1.297439720488184,1.301171174076955,0.12237934437793524,4.011546107643035,0.11681824540494837,58.97029708402846,steepened,3.083027189323348,2.465915901401343,4.057688664356728,steepened,steepened,False,False,,,,,,,,,,,,,,,,,,
36,L2,null,1.0,0,Middle minus High SES,,,,,,,,,undetermined,,kept,0.6068308923685362,0.6165850149672316,0.10258088582643074,0.8114583333333333,0.14033457664730306,15.0,undetermined,1.3160526344878138,0.6469899085278857,2.494046826963612,reference too imprecise,undetermined,False,False,,,,,,,,,,,,,,,,,,
36,L2,null,1.0,1,Middle minus High SES,,,,,,,,,undetermined,,kept,0.6068308923685362,0.6165850149672316,0.10258088582643074,0.7677083333333334,0.18079984809021396,15.0,undetermined,1.2450972934756341,0.42102777048271384,2.525807064993882,reference too imprecise,undetermined,False,False,,,,,,,,,,,,,,,,,,
36,L2,null,1.0,2,Middle minus High SES,,,,,,,,,undetermined,,kept,0.6068308923685362,0.6165850149672316,0.10258088582643074,0.6708333333333333,0.16661457519276837,15.0,undetermined,1.0879818955200926,0.33155795560286133,2.2394977449943805,reference too imprecise,undetermined,False,False,,,,,,,,,,,,,,,,,,
36,L2,null,1.0,3,Middle minus High SES,,,,,,,,,reference too imprecise,,kept,0.6068308923685362,0.6165850149672316,0.10258088582643074,0.6114583333333334,0.1491311157977237,15.0,undetermined,0.9916853612892771,0.31378618594500635,2.0309279116490377,reference too imprecise,undetermined,True,False,,,,,,,,,,,,,,,,,,
36,L2,null,1.0,pooled,Middle minus High SES,,,,,,,,,undetermined,,kept,0.6068308923685362,0.6165850149672316,0.10258088582643074,0.7153645833333333,0.07999331411044729,57.77147863443444,kept or steepened,1.1602042961932044,0.7217517089556321,2.0757217552180594,reference too imprecise,undetermined,False,False,,,,,,,,,,,,,,,,,,
36,L2,L2 gap,-0.5,0,Middle minus High SES,,,,,,,,,undetermined,,reversed,0.6068308923685362,0.6165850149672316,0.10258088582643074,-0.09878800521947098,0.14033457664730306,15.0,undetermined,-0.1602179793888132,-0.8620108289788351,0.4917543254278637,reference too imprecise,undetermined,False,False,,,,,,,,,,,,,,,,,,
36,L2,L2 gap,-0.5,1,Middle minus High SES,,,,,,,,,undetermined,,reversed,0.6068308923685362,0.6165850149672316,0.10258088582643074,-0.14253800521947096,0.18079984809021396,15.0,undetermined,-0.23117332040099312,-1.1407124961144144,0.6063387353710621,reference too imprecise,undetermined,False,False,,,,,,,,,,,,,,,,,,
36,L2,L2 gap,-0.5,2,Middle minus High SES,,,,,,,,,undetermined,,reversed,0.6068308923685362,0.6165850149672316,0.10258088582643074,-0.23941300521947098,0.16661457519276837,15.0,undetermined,-0.38828871835653445,-1.2703168435973489,0.37012168321325273,reference too imprecise,undetermined,False,False,,,,,,,,,,,,,,,,,,
36,L2,L2 gap,-0.5,3,Middle minus High SES,,,,,,,,,reversed or missing,,reversed,0.6068308923685362,0.6165850149672316,0.10258088582643074,-0.29878800521947096,0.1491311157977237,15.0,reversed or missing,-0.4845852525873501,-1.3157643413926186,0.18824660295307943,reference too imprecise,reversed or missing,False,False,,,,,,,,,,,,,,,,,,
36,L2,L2 gap,-0.5,pooled,Middle minus High SES,,,,,,,,,reversed or missing,,reversed,0.6068308923685362,0.6165850149672316,0.10258088582643074,-0.194881755219471,0.07999331411044729,57.77147863443444,reversed or missing,-0.31606631768342275,-0.7672552102992486,0.011734140285039392,reference too imprecise,reversed or missing,False,False,,,,,,,,,,,,,,,,,,
36,L2,L2 gap,0.0,0,Middle minus High SES,,,,,,,,,undetermined,,missing,0.6068308923685362,0.6165850149672316,0.10258088582643074,0.20462744096479726,0.14033457664730306,15.0,undetermined,0.33187222523672943,-0.30663808207594095,1.0761314632035082,reference too imprecise,undetermined,False,False,,,,,,,,,,,,,,,,,,
36,L2,L2 gap,0.0,1,Middle minus High SES,,,,,,,,,undetermined,,missing,0.6068308923685362,0.6165850149672316,0.10258088582643074,0.16087744096479714,0.18079984809021393,15.0,undetermined,0.2609168842245493,-0.5738269219270441,1.1771710065893628,reference too imprecise,undetermined,False,False,,,,,,,,,,,,,,,,,,
36,L2,L2 gap,0.0,2,Middle minus High SES,,,,,,,,,undetermined,,missing,0.6068308923685362,0.6165850149672316,0.10258088582643074,0.06400244096479712,0.1666145751927684,15.0,undetermined,0.1038014862690079,-0.68004288946662,0.9197443619202824,reference too imprecise,undetermined,False,False,,,,,,,,,,,,,,,,,,
36,L2,L2 gap,0.0,3,Middle minus High SES,,,,,,,,,undetermined,,missing,0.6068308923685362,0.6165850149672316,0.10258088582643074,0.004627440964797239,0.1491311157977237,15.0,undetermined,0.007504952038192436,-0.7058754489357671,0.7232005844896275,reference too imprecise,undetermined,False,False,,,,,,,,,,,,,,,,,,
36,L2,L2 gap,0.0,pooled,Middle minus High SES,,,,,,,,,missing or attenuated,,missing,0.6068308923685362,0.6165850149672316,0.10258088582643074,0.10853369096479719,0.07999331411044729,57.77147863443444,missing or attenuated,0.17602388694211973,-0.15757854009568206,0.5774026737470522,reference too imprecise,missing or attenuated,False,False,,,,,,,,,,,,,,,,,,
36,L2,L2 gap,0.5,0,Middle minus High SES,,,,,,,,,reference too imprecise,,attenuated,0.6068308923685362,0.6165850149672316,0.10258088582643074,0.5080428871490652,0.14033457664730306,15.0,undetermined,0.8239624298622715,0.1904090984651349,1.7509116823863948,reference too imprecise,undetermined,True,False,,,,,,,,,,,,,,,,,,
36,L2,L2 gap,0.5,1,Middle minus High SES,,,,,,,,,reference too imprecise,,attenuated,0.6068308923685362,0.6165850149672316,0.10258088582643074,0.4642928871490654,0.18079984809021396,15.0,undetermined,0.7530070888500919,-0.05959197428743903,1.8190893400390067,reference too imprecise,undetermined,True,False,,,,,,,,,,,,,,,,,,
36,L2,L2 gap,0.5,2,Middle minus High SES,,,,,,,,,undetermined,,attenuated,0.6068308923685362,0.6165850149672316,0.10258088582643074,0.3674178871490653,0.16661457519276834,15.0,undetermined,0.5958916908945504,-0.15439172016681002,1.542917334063267,reference too imprecise,undetermined,False,False,,,,,,,,,,,,,,,,,,
36,L2,L2 gap,0.5,3,Middle minus High SES,,,,,,,,,undetermined,,attenuated,0.6068308923685362,0.6165850149672316,0.10258088582643074,0.30804288714906536,0.14913111579772367,15.0,undetermined,0.49959515666373483,-0.1727986076765834,1.3357537523804957,reference too imprecise,undetermined,False,False,,,,,,,,,,,,,,,,,,
36,L2,L2 gap,0.5,pooled,Middle minus High SES,,,,,,,,,undetermined,,attenuated,0.6068308923685362,0.6165850149672316,0.10258088582643074,0.41194913714906534,0.07999331411044729,57.771478634434445,attenuated or kept,0.6681140915676622,0.3170560366174373,1.2887998075287803,reference too imprecise,undetermined,False,False,,,,,,,,,,,,,,,,,,
36,L2,L2 gap,1.5,0,Middle minus High SES,,,,,,,,,kept or steepened,,steepened,0.6068308923685362,0.6165850149672316,0.10258088582643074,1.1148737795176014,0.14033457664730306,15.0,kept or steepened,1.808142839113356,1.0660799223947703,3.2761036060711866,reference too imprecise,kept or steepened,False,False,,,,,,,,,,,,,,,,,,
36,L2,L2 gap,1.5,1,Middle minus High SES,,,,,,,,,kept or steepened,,steepened,0.6068308923685362,0.6165850149672316,0.10258088582643074,1.0711237795176014,0.18079984809021396,15.0,kept or steepened,1.7371874981011763,0.8703741442890044,3.27819434843307,reference too imprecise,kept or steepened,False,False,,,,,,,,,,,,,,,,,,
36,L2,L2 gap,1.5,2,Middle minus High SES,,,,,,,,,kept or steepened,,steepened,0.6068308923685362,0.6165850149672316,0.10258088582643074,0.9742487795176015,0.1666145751927684,15.0,kept or steepened,1.580072100145635,0.7837047207374958,2.988485110569983,reference too imprecise,kept or steepened,False,False,,,,,,,,,,,,,,,,,,
36,L2,L2 gap,1.5,3,Middle minus High SES,,,,,,,,,kept or steepened,,steepened,0.6068308923685362,0.6165850149672316,0.10258088582643074,0.9148737795176013,0.14913111579772373,15.0,kept or steepened,1.483775565914819,0.7625774504385818,2.783669793691466,reference too imprecise,kept or steepened,False,False,,,,,,,,,,,,,,,,,,
36,L2,L2 gap,1.5,pooled,Middle minus High SES,,,,,,,,,kept or steepened,,steepened,0.6068308923685362,0.6165850149672316,0.10258088582643074,1.0187800295176013,0.07999331411044729,57.77147863443442,kept or steepened,1.6522945008187464,1.097651575114712,2.8897174531641503,reference too imprecise,kept or steepened,False,False,,,,,,,,,,,,,,,,,,
36,L2,L2 gap,2.0,0,Middle minus High SES,,,,,,,,,steepened,,steepened,0.6068308923685362,0.6165850149672316,0.10258088582643074,1.4182892257018693,0.14033457664730303,15.0,steepened,2.3002330437388983,1.4595879933124025,4.079093806126685,reference too imprecise,steepened,False,False,,,,,,,,,,,,,,,,,,
36,L2,L2 gap,2.0,1,Middle minus High SES,,,,,,,,,steepened,,steepened,0.6068308923685362,0.6165850149672316,0.10258088582643074,1.3745392257018696,0.18079984809021396,15.0,steepened,2.2292777027267188,1.2907358699762173,4.059235717886935,reference too imprecise,steepened,False,False,,,,,,,,,,,,,,,,,,
36,L2,L2 gap,2.0,2,Middle minus High SES,,,,,,,,,kept or steepened,,steepened,0.6068308923685362,0.6165850149672316,0.10258088582643074,1.2776642257018695,0.16661457519276834,15.0,steepened,2.0721623047711772,1.2042134601186776,3.7693722151745295,reference too imprecise,kept or steepened,False,False,,,,,,,,,,,,,,,,,,
36,L2,L2 gap,2.0,3,Middle minus High SES,,,,,,,,,kept or steepened,,steepened,0.6068308923685362,0.6165850149672316,0.10258088582643074,1.2182892257018696,0.1491311157977237,15.0,kept or steepened,1.9758657705403617,1.1774282388519597,3.56938860803711,reference too imprecise,kept or steepened,False,False,,,,,,,,,,,,,,,,,,
36,L2,L2 gap,2.0,pooled,Middle minus High SES,,,,,,,,,steepened,,steepened,0.6068308923685362,0.6165850149672316,0.10258088582643074,1.3221954757018697,0.07999331411044727,57.77147863443442,steepened,2.1443847054442893,1.46151457068787,3.7147328388989176,reference too imprecise,steepened,False,False,,,,,,,,,,,,,,,,,,
36,L2,L2 gap,3.0,0,Middle minus High SES,,,,,,,,,steepened,,steepened,0.6068308923685362,0.6165850149672316,0.10258088582643074,2.0251201180704053,0.14033457664730306,15.0,steepened,3.2844134529899827,2.207243812184605,5.715697364157667,reference too imprecise,steepened,False,False,,,,,,,,,,,,,,,,,,
36,L2,L2 gap,3.0,1,Middle minus High SES,,,,,,,,,steepened,,steepened,0.6068308923685362,0.6165850149672316,0.10258088582643074,1.9813701180704055,0.18079984809021396,15.0,steepened,3.213458111977803,2.0744342391757113,5.667762168271231,reference too imprecise,steepened,False,False,,,,,,,,,,,,,,,,,,
36,L2,L2 gap,3.0,2,Middle minus High SES,,,,,,,,,steepened,,steepened,0.6068308923685362,0.6165850149672316,0.10258088582643074,1.8844951180704057,0.1666145751927684,15.0,steepened,3.056342714022262,1.9847340672206126,5.38037715601761,reference too imprecise,steepened,False,False,,,,,,,,,,,,,,,,,,
36,L2,L2 gap,3.0,3,Middle minus High SES,,,,,,,,,steepened,,steepened,0.6068308923685362,0.6165850149672316,0.10258088582643074,1.8251201180704055,0.1491311157977237,15.0,steepened,2.960046179791446,1.9476090094697367,5.188457807625337,reference too imprecise,steepened,False,False,,,,,,,,,,,,,,,,,,
36,L2,L2 gap,3.0,pooled,Middle minus High SES,,,,,,,,,steepened,,steepened,0.6068308923685362,0.6165850149672316,0.10258088582643074,1.9290263680704056,0.07999331411044729,57.771478634434416,steepened,3.1285651146953737,2.1745452401586944,5.378417347007154,reference too imprecise,steepened,False,False,,,,,,,,,,,,,,,,,,
36,L2,null,1.0,0,Low minus Middle SES,,,,,,,,,undetermined,,kept,0.6906088281196479,0.6845861591097234,0.10322764571110421,0.7604166666666666,0.192935864175599,15.0,undetermined,1.11076839130893,0.32416201761595836,2.207618153582275,reference too imprecise,undetermined,False,False,,,,,,,,,,,,,,,,,,
36,L2,null,1.0,1,Low minus Middle SES,,,,,,,,,undetermined,,kept,0.6906088281196479,0.6845861591097234,0.10322764571110421,0.5083333333333333,0.26739483914241874,15.0,undetermined,0.7425410615873395,-0.3442660576237976,2.015396706966364,reference too imprecise,undetermined,False,False,,,,,,,,,,,,,,,,,,
36,L2,null,1.0,2,Low minus Middle SES,,,,,,,,,reference too imprecise,,kept,0.6906088281196479,0.6845861591097234,0.10322764571110421,0.6802083333333333,0.17509401409856404,15.0,undetermined,0.9936051500338784,0.28023905561381846,1.983703648167077,reference too imprecise,undetermined,True,False,,,,,,,,,,,,,,,,,,
36,L2,null,1.0,3,Low minus Middle SES,,,,,,,,,undetermined,,kept,0.6906088281196479,0.6845861591097234,0.10322764571110421,0.85625,0.25463697379981154,15.0,undetermined,1.250755640624576,0.21830131420524537,2.6221382895646332,reference too imprecise,undetermined,False,False,,,,,,,,,,,,,,,,,,
36,L2,null,1.0,pooled,Low minus Middle SES,,,,,,,,,reference too imprecise,,kept,0.6906088281196479,0.6845861591097234,0.10322764571110421,0.7013020833333332,0.11297736219157448,53.73637513783294,undetermined,1.0244175608886807,0.5603767131463636,1.816580098439474,reference too imprecise,undetermined,True,False,,,,,,,,,,,,,,,,,,
36,L3,null,0.0,0,Overall,,,,,,,,,,,,,,,,,,,,,,,,,,-0.1148629858861776,0.10795407831305749,3256.4850401137473,,,,,,,,,,,,,,,
36,L3,null,0.0,0,White,,,,,,,,,,,,,,,,,,,,,,,,,,-0.11862038888990911,0.14372098011494713,3860.597583738003,,,,,,,,,,,,,,,
36,L3,null,0.0,0,Black,,,,,,,,,,,,,,,,,,,,,,,,,,-0.37311805042204904,0.20293409550473104,2996.4647162076894,,,,,,,,,,,,,,,
36,L3,null,0.0,0,Asian,,,,,,,,,,,,,,,,,,,,,,,,,,-0.1678492008987038,0.14453267869088163,758.5764067311674,,,,,,,,,,,,,,,
36,L3,null,0.0,0,Hispanic,,,,,,,,,,,,,,,,,,,,,,,,,,0.14488264930320893,0.19161466531760818,1904.7095045144868,,,,,,,,,,,,,,,
36,L3,null,0.0,0,Men,,,,,,,,,,,,,,,,,,,,,,,,,,-0.051044872314894185,0.14102318594388344,3746.7654241844457,,,,,,,,,,,,,,,
36,L3,null,0.0,0,Women,,,,,,,,,,,,,,,,,,,,,,,,,,-0.17442293931460995,0.15810302769289197,4778.166420194948,,,,,,,,,,,,,,,
36,L3,null,0.0,0,Low,,,,,,,,,,,,,,,,,,,,,,,,,,0.010666522785523824,0.21654340918612183,2720.2373995301878,,,,,,,,,,,,,,,
36,L3,null,0.0,0,Middle,,,,,,,,,,,,,,,,,,,,,,,,,,-0.08486209816470369,0.18906609681419992,4125.627946701454,,,,,,,,,,,,,,,
36,L3,null,0.0,0,High,,,,,,,,,,,,,,,,,,,,,,,,,,-0.1979199902917288,0.15734387115293583,6414.356401983216,,,,,,,,,,,,,,,
36,L3,L3 shift,0.0,0,all ten groups,,,,,,,,,,,,,,,,,,,,,,,,,,,,,0.9666666666666668,5.583333333333333,True,True,True,,,,,,,,,,
36,L3,L3 shift,0.25,0,all ten groups,,,,,,,,,,,,,,,,,,,,,,,,,,,,,1.2166666666666668,5.833333333333333,True,True,True,,,,,,,,,,
36,L3,L3 shift,0.5,0,all ten groups,,,,,,,,,,,,,,,,,,,,,,,,,,,,,1.4666666666666668,6.083333333333333,False,True,True,,,,,,,,,,
36,L3,L3 shift,1.0,0,all ten groups,,,,,,,,,,,,,,,,,,,,,,,,,,,,,1.9666666666666668,6.583333333333333,False,False,True,,,,,,,,,,
36,L3,L3 shift,1.5,0,all ten groups,,,,,,,,,,,,,,,,,,,,,,,,,,,,,2.466666666666667,7.083333333333333,False,False,True,,,,,,,,,,
36,L3,L3 shift,2.0,0,all ten groups,,,,,,,,,,,,,,,,,,,,,,,,,,,,,2.966666666666667,7.583333333333333,False,False,False,,,,,,,,,,
36,L3,L3 shift,3.0,0,all ten groups,,,,,,,,,,,,,,,,,,,,,,,,,,,,,3.966666666666667,8.583333333333332,False,False,False,,,,,,,,,,
36,L3,null,0.0,1,Overall,,,,,,,,,,,,,,,,,,,,,,,,,,-0.2157273272260709,0.10448455753959555,2692.5534547956504,,,,,,,,,,,,,,,
36,L3,null,0.0,1,White,,,,,,,,,,,,,,,,,,,,,,,,,,-0.2684184683085551,0.1391728879071104,3278.623697167697,,,,,,,,,,,,,,,
36,L3,null,0.0,1,Black,,,,,,,,,,,,,,,,,,,,,,,,,,-0.24575314987435215,0.18403786511236706,1751.7576729841355,,,,,,,,,,,,,,,
36,L3,null,0.0,1,Asian,,,,,,,,,,,,,,,,,,,,,,,,,,-0.12033525652105137,0.14326083499619024,834.0038134898782,,,,,,,,,,,,,,,
36,L3,null,0.0,1,Hispanic,,,,,,,,,,,,,,,,,,,,,,,,,,0.058605339834201686,0.18542512823573884,1843.6425161818672,,,,,,,,,,,,,,,
36,L3,null,0.0,1,Men,,,,,,,,,,,,,,,,,,,,,,,,,,-0.11690711558521372,0.14005761071285625,3987.6391191715416,,,,,,,,,,,,,,,
36,L3,null,0.0,1,Women,,,,,,,,,,,,,,,,,,,,,,,,,,-0.3079539204885462,0.14890516354488928,3633.574171193194,,,,,,,,,,,,,,,
36,L3,null,0.0,1,Low,,,,,,,,,,,,,,,,,,,,,,,,,,-0.2511551198385602,0.21230251978808123,2429.5478663828376,,,,,,,,,,,,,,,
36,L3,null,0.0,1,Middle,,,,,,,,,,,,,,,,,,,,,,,,,,-0.0314998954306005,0.19934974391548244,4923.05506285251,,,,,,,,,,,,,,,
36,L3,null,0.0,1,High,,,,,,,,,,,,,,,,,,,,,,,,,,-0.3491067137447301,0.13555810400679483,3682.878149960251,,,,,,,,,,,,,,,
36,L3,L3 shift,0.0,1,all ten groups,,,,,,,,,,,,,,,,,,,,,,,,,,,,,0.8333333333333334,5.216666666666667,True,True,True,,,,,,,,,,
36,L3,L3 shift,0.25,1,all ten groups,,,,,,,,,,,,,,,,,,,,,,,,,,,,,1.0833333333333335,5.466666666666667,True,True,True,,,,,,,,,,
36,L3,L3 shift,0.5,1,all ten groups,,,,,,,,,,,,,,,,,,,,,,,,,,,,,1.3333333333333335,5.716666666666667,False,True,True,,,,,,,,,,
36,L3,L3 shift,1.0,1,all ten groups,,,,,,,,,,,,,,,,,,,,,,,,,,,,,1.8333333333333335,6.216666666666667,False,False,True,,,,,,,,,,
36,L3,L3 shift,1.5,1,all ten groups,,,,,,,,,,,,,,,,,,,,,,,,,,,,,2.3333333333333335,6.716666666666667,False,False,True,,,,,,,,,,
36,L3,L3 shift,2.0,1,all ten groups,,,,,,,,,,,,,,,,,,,,,,,,,,,,,2.8333333333333335,7.216666666666667,False,False,False,,,,,,,,,,
36,L3,L3 shift,3.0,1,all ten groups,,,,,,,,,,,,,,,,,,,,,,,,,,,,,3.8333333333333335,8.216666666666667,False,False,False,,,,,,,,,,
36,L3,null,0.0,2,Overall,,,,,,,,,,,,,,,,,,,,,,,,,,0.19892863317381515,0.1211546918340552,5523.1378757270195,,,,,,,,,,,,,,,
36,L3,null,0.0,2,White,,,,,,,,,,,,,,,,,,,,,,,,,,0.23151266341197152,0.16350873814360717,7019.414228942575,,,,,,,,,,,,,,,
36,L3,null,0.0,2,Black,,,,,,,,,,,,,,,,,,,,,,,,,,0.23238221953904104,0.20144476565718275,3048.917550950397,,,,,,,,,,,,,,,
36,L3,null,0.0,2,Asian,,,,,,,,,,,,,,,,,,,,,,,,,,-0.022907746663280992,0.14806827136085657,1053.6905876089172,,,,,,,,,,,,,,,
36,L3,null,0.0,2,Hispanic,,,,,,,,,,,,,,,,,,,,,,,,,,0.08392897481649353,0.1857791922475858,1963.4610968500426,,,,,,,,,,,,,,,
36,L3,null,0.0,2,Men,,,,,,,,,,,,,,,,,,,,,,,,,,0.22558707446390036,0.15704933902795432,6838.755540364422,,,,,,,,,,,,,,,
36,L3,null,0.0,2,Women,,,,,,,,,,,,,,,,,,,,,,,,,,0.17404893315042758,0.1789318945975377,8466.258322274905,,,,,,,,,,,,,,,
36,L3,null,0.0,2,Low,,,,,,,,,,,,,,,,,,,,,,,,,,0.14036545214282548,0.22597756819716366,3101.743106710907,,,,,,,,,,,,,,,
36,L3,null,0.0,2,Middle,,,,,,,,,,,,,,,,,,,,,,,,,,0.24130003887106888,0.19752099903164097,4780.826508952326,,,,,,,,,,,,,,,
36,L3,null,0.0,2,High,,,,,,,,,,,,,,,,,,,,,,,,,,0.191803503344115,0.19463389620451071,14954.601052642412,,,,,,,,,,,,,,,
36,L3,L3 shift,0.0,2,all ten groups,,,,,,,,,,,,,,,,,,,,,,,,,,,,,1.15,6.066666666666666,True,True,True,,,,,,,,,,
36,L3,L3 shift,0.25,2,all ten groups,,,,,,,,,,,,,,,,,,,,,,,,,,,,,1.4,6.316666666666666,False,True,True,,,,,,,,,,
36,L3,L3 shift,0.5,2,all ten groups,,,,,,,,,,,,,,,,,,,,,,,,,,,,,1.65,6.566666666666666,False,False,True,,,,,,,,,,
36,L3,L3 shift,1.0,2,all ten groups,,,,,,,,,,,,,,,,,,,,,,,,,,,,,2.15,7.066666666666666,False,False,True,,,,,,,,,,
36,L3,L3 shift,1.5,2,all ten groups,,,,,,,,,,,,,,,,,,,,,,,,,,,,,2.65,7.566666666666666,False,False,False,,,,,,,,,,
36,L3,L3 shift,2.0,2,all ten groups,,,,,,,,,,,,,,,,,,,,,,,,,,,,,3.15,8.066666666666666,False,False,False,,,,,,,,,,
36,L3,L3 shift,3.0,2,all ten groups,,,,,,,,,,,,,,,,,,,,,,,,,,,,,4.15,9.066666666666666,False,False,False,,,,,,,,,,
36,L3,null,0.0,3,Overall,,,,,,,,,,,,,,,,,,,,,,,,,,-0.040657348321498255,0.12632919214352506,5596.917354938261,,,,,,,,,,,,,,,
36,L3,null,0.0,3,White,,,,,,,,,,,,,,,,,,,,,,,,,,0.017118488039873814,0.1716523862525701,7522.2174973230285,,,,,,,,,,,,,,,
36,L3,null,0.0,3,Black,,,,,,,,,,,,,,,,,,,,,,,,,,-0.42574005558983785,0.18230873727687333,1761.7816521185198,,,,,,,,,,,,,,,
36,L3,null,0.0,3,Asian,,,,,,,,,,,,,,,,,,,,,,,,,,-0.15533033195906398,0.13896008381942432,686.3241230630103,,,,,,,,,,,,,,,
36,L3,null,0.0,3,Hispanic,,,,,,,,,,,,,,,,,,,,,,,,,,0.0144461347436029,0.18117887091578594,1456.7454954193788,,,,,,,,,,,,,,,
36,L3,null,0.0,3,Men,,,,,,,,,,,,,,,,,,,,,,,,,,0.2913172136319213,0.18898581416283106,12455.588874240133,,,,,,,,,,,,,,,
36,L3,null,0.0,3,Women,,,,,,,,,,,,,,,,,,,,,,,,,,-0.3504814459467642,0.16424749262457286,5346.983230317093,,,,,,,,,,,,,,,
36,L3,null,0.0,3,Low,,,,,,,,,,,,,,,,,,,,,,,,,,0.03749944886111933,0.24067262307738035,4043.5465434321495,,,,,,,,,,,,,,,
36,L3,null,0.0,3,Middle,,,,,,,,,,,,,,,,,,,,,,,,,,-0.36759790500663403,0.17979475076582038,3246.7650976154778,,,,,,,,,,,,,,,
36,L3,null,0.0,3,High,,,,,,,,,,,,,,,,,,,,,,,,,,0.18890511180938674,0.21647436484231986,19899.935857260756,,,,,,,,,,,,,,,
36,L3,L3 shift,0.0,3,all ten groups,,,,,,,,,,,,,,,,,,,,,,,,,,,,,1.0166666666666666,5.766666666666667,True,True,True,,,,,,,,,,
36,L3,L3 shift,0.25,3,all ten groups,,,,,,,,,,,,,,,,,,,,,,,,,,,,,1.2666666666666666,6.016666666666667,False,True,True,,,,,,,,,,
36,L3,L3 shift,0.5,3,all ten groups,,,,,,,,,,,,,,,,,,,,,,,,,,,,,1.5166666666666666,6.266666666666667,False,False,True,,,,,,,,,,
36,L3,L3 shift,1.0,3,all ten groups,,,,,,,,,,,,,,,,,,,,,,,,,,,,,2.0166666666666666,6.766666666666667,False,False,True,,,,,,,,,,
36,L3,L3 shift,1.5,3,all ten groups,,,,,,,,,,,,,,,,,,,,,,,,,,,,,2.5166666666666666,7.266666666666667,False,False,False,,,,,,,,,,
36,L3,L3 shift,2.0,3,all ten groups,,,,,,,,,,,,,,,,,,,,,,,,,,,,,3.0166666666666666,7.766666666666667,False,False,False,,,,,,,,,,
36,L3,L3 shift,3.0,3,all ten groups,,,,,,,,,,,,,,,,,,,,,,,,,,,,,4.016666666666667,8.766666666666666,False,False,False,,,,,,,,,,
36,L3,null,0.0,pooled,Overall,,,,,,,,,,,,,,,,,,,,,,,,,,-0.04307975706498279,0.07015132005579304,579.5158361499734,,,,,,,,,,,,,,,
36,L3,null,0.0,pooled,White,,,,,,,,,,,,,,,,,,,,,,,,,,-0.03460192643665483,0.09265698078513514,679.3852884392921,,,,,,,,,,,,,,,
36,L3,null,0.0,pooled,Black,,,,,,,,,,,,,,,,,,,,,,,,,,-0.2030572590867994,0.12346235958577917,400.3219513168855,,,,,,,,,,,,,,,
36,L3,null,0.0,pooled,Asian,,,,,,,,,,,,,,,,,,,,,,,,,,-0.11660563401052482,0.10318708158742314,227.974544802867,,,,,,,,,,,,,,,
36,L3,null,0.0,pooled,Hispanic,,,,,,,,,,,,,,,,,,,,,,,,,,0.07546577467437698,0.12251124036296625,340.05273863407336,,,,,,,,,,,,,,,
36,L3,null,0.0,pooled,Men,,,,,,,,,,,,,,,,,,,,,,,,,,0.087238075048929,0.09296226629985743,786.4083390855533,,,,,,,,,,,,,,,
36,L3,null,0.0,pooled,Women,,,,,,,,,,,,,,,,,,,,,,,,,,-0.16470234314987353,0.09711165678780444,693.3380114803781,,,,,,,,,,,,,,,
36,L3,null,0.0,pooled,Low,,,,,,,,,,,,,,,,,,,,,,,,,,-0.015655924012271782,0.13993171872543247,473.2373980142773,,,,,,,,,,,,,,,
36,L3,null,0.0,pooled,Middle,,,,,,,,,,,,,,,,,,,,,,,,,,-0.060664964932717336,0.11642815577572417,585.2728609835417,,,,,,,,,,,,,,,
36,L3,null,0.0,pooled,High,,,,,,,,,,,,,,,,,,,,,,,,,,-0.04157952222073913,0.10203532878177222,1127.4961345165507,,,,,,,,,,,,,,,
36,L3,L3 shift,0.0,pooled,all ten groups,,,,,,,,,,,,,,,,,,,,,,,,,,,,,1.2208333333333332,5.637499999999999,True,True,True,,,,,,,,,,
36,L3,L3 shift,0.25,pooled,all ten groups,,,,,,,,,,,,,,,,,,,,,,,,,,,,,1.4708333333333332,5.887499999999999,True,True,True,,,,,,,,,,
36,L3,L3 shift,0.5,pooled,all ten groups,,,,,,,,,,,,,,,,,,,,,,,,,,,,,1.7208333333333332,6.137499999999999,True,True,True,,,,,,,,,,
36,L3,L3 shift,1.0,pooled,all ten groups,,,,,,,,,,,,,,,,,,,,,,,,,,,,,2.220833333333333,6.637499999999999,False,False,True,,,,,,,,,,
36,L3,L3 shift,1.5,pooled,all ten groups,,,,,,,,,,,,,,,,,,,,,,,,,,,,,2.720833333333333,7.137499999999999,False,False,True,,,,,,,,,,
36,L3,L3 shift,2.0,pooled,all ten groups,,,,,,,,,,,,,,,,,,,,,,,,,,,,,3.220833333333333,7.637499999999999,False,False,False,,,,,,,,,,
36,L3,L3 shift,3.0,pooled,all ten groups,,,,,,,,,,,,,,,,,,,,,,,,,,,,,4.220833333333333,8.6375,False,False,False,,,,,,,,,,
36,L4,reference half,0.0,reference,reference,,,,,,,,,,,,,,,,,,,,,,,,,,,,,,,,,,True,4.300600855166328,True,0.03880260733674789,,,,,,
36,L4,null,0.0,0,clinical,,,,,,,,,,,,,,,,,,,,,,,,,,,,,,,,,,True,4.513269364049653,True,0.07554584588362295,8.026534481291455,0.6945570672906246,0.9997707108646315,0.9990948167080236,True,0.5464240467913023
36,L4,null,0.0,0,narrative,,,,,,,,,,,,,,,,,,,,,,,,,,,,,,,,,,True,4.431226192005576,True,0.07641408254210742,7.4465960449916535,0.6993585571514169,0.9994527319066684,0.9985822485513239,True,0.5455050267146754
36,L4,null,0.0,0,model,,,,,,,,,,True,,,,,,,,,,,,,,,,,,,,,,,,True,,True,,,,,,True,
36,L4,L4 decorrelate,0.25,0,clinical,,,,,,,,,,,,,,,,,,,,,,,,,,,,,,,,,,True,3.442410622604834,True,0.08511769913200551,5.751028669906048,0.6108051855891725,0.9994921575350467,0.99851904146294,True,0.47827809320567727
36,L4,L4 decorrelate,0.25,0,narrative,,,,,,,,,,,,,,,,,,,,,,,,,,,,,,,,,,True,3.2803111812418715,True,0.08913770670001862,5.378854075024506,0.6236920445939037,0.9994547488524531,0.9983332527738207,True,0.4693494648489715
36,L4,L4 decorrelate,0.25,0,model,,,,,,,,,,True,,,,,,,,,,,,,,,,,,,,,,,,True,,True,,,,,,True,
36,L4,L4 decorrelate,0.5,0,clinical,,,,,,,,,,,,,,,,,,,,,,,,,,,,,,,,,,True,2.583063758487481,False,0.09638847427549162,4.3067237587854885,0.5275092537122942,0.9989682591325734,0.9968097740970301,True,0.3921215135420893
36,L4,L4 decorrelate,0.5,0,narrative,,,,,,,,,,,,,,,,,,,,,,,,,,,,,,,,,,True,2.388158272888957,False,0.09904725844967228,4.037647419194018,0.5216508173007802,0.9992528428155776,0.9966657384995435,True,0.3814051868192579
36,L4,L4 decorrelate,0.5,0,model,,,,,,,,,,False,,,,,,,,,,,,,,,,,,,,,,,,True,,False,,,,,,True,
36,L4,L4 decorrelate,0.75,0,clinical,,,,,,,,,,,,,,,,,,,,,,,,,,,,,,,,,,True,1.78342715107854,False,0.0991499585312239,3.0056225759262998,0.40390143424556985,0.9972109347582776,0.9920134737656564,True,0.28619650755607284
36,L4,L4 decorrelate,0.75,0,narrative,,,,,,,,,,,,,,,,,,,,,,,,,,,,,,,,,,False,1.6584349599014656,False,0.10807532611547935,2.88040178555999,0.38906513272418564,0.9956318638643253,0.9887410718810302,True,0.2624262265766304
36,L4,L4 decorrelate,0.75,0,model,,,,,,,,,,False,,,,,,,,,,,,,,,,,,,,,,,,False,,False,,,,,,True,
36,L4,L4 decorrelate,1.0,0,clinical,,,,,,,,,,,,,,,,,,,,,,,,,,,,,,,,,,False,1.0038841469249855,False,0.1014867409081336,1.5955567749514912,0.19229239353783145,0.9834838019903344,0.9313054434754149,False,-0.08017791682157019
36,L4,L4 decorrelate,1.0,0,narrative,,,,,,,,,,,,,,,,,,,,,,,,,,,,,,,,,,False,1.0430891310966193,False,0.104810142893724,1.6056674219270186,0.2401445886021093,0.9925270946310938,0.9347226312187071,False,-0.0313101497039025
36,L4,L4 decorrelate,1.0,0,model,,,,,,,,,,False,,,,,,,,,,,,,,,,,,,,,,,,False,,False,,,,,,False,
