rep,type,unit,ev_ratio,load_min,R1,phi,phi_lo90,R2,between_share,phi_hi90,loading_rmsd,loading_rmsd_lo90,loading_rmsd_hi90,R2_size,R2_both,R2_verdict,within_ev_ratio,within_load_min,R3
29,REAL,clinical,7.804012544424088,0.6847197424491331,True,0.9997487682846565,0.9991419850805844,True,0.07201644038247802,0.9998114478335711,0.01704420649073031,0.015765217071543203,0.03517963620443689,True,True,pass,4.6679375188358385,0.5253817644646155,True
29,REAL,narrative,8.539606758183208,0.7159578761114025,True,0.9993195502386132,0.9983327335485227,True,0.08184022492606946,0.999489054433775,0.028046163856898468,0.024500554249529977,0.04417858605082301,True,True,pass,4.708266204301348,0.5312960626723194,True
29,ORACLE-INDEP,clinical,1.349005256671674,0.1528019979573225,False,0.982528933980294,0.8847642114534747,False,0.08175216408258376,0.9832670750030852,0.5247791732079125,0.5002557498608879,0.5727189096907722,False,False,fail,1.0405595654101436,-0.11476680353995466,False
29,ORACLE-INDEP,narrative,1.3042849484250452,0.15274758764352536,False,0.9869165882129556,0.8696682920584211,False,0.07591337675321874,0.9885149138200926,0.5321992723856266,0.5007149655764769,0.5724154025942284,False,False,fail,1.0070696945856499,-0.04588807314814129,False
29,SHIFTED-2.1,clinical,8.917811169985196,0.7216049369778526,True,0.9994224785963693,0.9988034907743393,True,0.07816025510408164,0.9995847633849239,0.03398726790358782,0.026270625379342077,0.050472254603337735,True,True,pass,6.1110023126479724,0.5772640500934513,True
29,SHIFTED-2.1,narrative,9.651602213524786,0.7257987545724697,True,0.99926381139956,0.9984669735209842,True,0.06684628978061129,0.9995290594037125,0.04041925008512547,0.03383690504644799,0.052646694614932425,True,True,pass,6.380929047206554,0.574860915715705,True
29,SHIFTED-4.7,clinical,8.7210849499987,0.6912918498905732,True,0.9984398336084734,0.9973617764818149,True,0.0861830743996771,0.9989444733104659,0.04849428706013921,0.04131088863643767,0.06387694048956716,True,True,pass,6.517420846952015,0.5863593738190314,True
29,SHIFTED-4.7,narrative,9.232860721415028,0.7000512207318753,True,0.9988822138295818,0.997821780929234,True,0.08764065984754821,0.9991859776164821,0.04539830698498401,0.038312185668351956,0.061017362881824216,True,True,pass,6.955934525211449,0.6054053588161786,True
29,STEEPENED-2x,clinical,8.295147197809612,0.6858847799520007,True,0.9996523353928999,0.9988374184748015,True,0.10134421027774404,0.9997262897147575,0.024962912131092016,0.020492161379819403,0.04757588210099992,True,True,pass,4.959944514848207,0.5747802447211725,True
29,STEEPENED-2x,narrative,9.640125754879126,0.7410032588835183,True,0.9995292051723343,0.9989511911804151,True,0.10452739331375317,0.9996818196108729,0.036250168561044696,0.026307393650055237,0.05778814200088268,True,True,pass,5.304814400389778,0.5500386074611101,True
29,COMPRESSED,clinical,5.05498387699385,0.5999131046360442,True,0.989261453799329,0.9873938495840292,True,0.068364178716946,0.9910238424896766,0.12533887918927522,0.11961915456026674,0.13383034011435674,False,False,fail,3.7546110360957385,0.4164179260680181,True
29,COMPRESSED,narrative,5.239313680683388,0.6019303708608482,True,0.9917912245171313,0.9897717558498953,True,0.07866555987894534,0.9930246781108808,0.11237091711359591,0.10627602743035162,0.12206463508378715,False,False,fail,3.874057860344813,0.4231743689951112,True
29,NONINVARIANT,clinical,3.984813060077775,0.46701236806073243,True,0.9860463705366179,0.9756967879845373,True,0.07302472533470639,0.9909916639858141,0.14209663025568478,0.11515096851403389,0.18045025435719925,False,False,fail,2.735366120992055,0.3282215193932361,False
29,NONINVARIANT,narrative,4.440150557482527,0.5168303860027097,True,0.991301992348523,0.9834311027097274,True,0.08336355152960107,0.9946749723102863,0.11771624877784782,0.09208900179373208,0.15131029427067938,False,False,unresolved,2.9114042724077183,0.3733032428481702,False
