rep,condition,dose,unit,ev_ratio,load_min,R1,phi,phi_lo90,R2,between_share,phi_hi90,loading_rmsd,loading_rmsd_lo90,loading_rmsd_hi90,R2_size,R2_both,R2_verdict,within_ev_ratio,within_load_min,R3
26,null,0.0,clinical,7.3038179976502295,0.6854324672593676,True,0.999111996173193,0.9977270087994363,True,0.08120063283436296,0.9995002346150719,0.03275613749681667,0.02493601227309009,0.05240255415226599,True,True,pass,4.488663908300559,0.5747213804772361,True
26,null,0.0,narrative,7.037479913375915,0.6841413078995197,True,0.9995352141518588,0.9986482000416604,True,0.07523970005679656,0.9996031594636441,0.027486445911820295,0.024709928942231254,0.048062939323265226,True,True,pass,4.074672635325471,0.514946085418699,True
26,null,0.0,model,,,True,,,True,,,,,,True,True,pass,,,True
26,L4 decorrelate,0.25,clinical,5.608391573661987,0.6070410763319918,True,0.9988144227157215,0.9973084581669831,True,0.09213380573136531,0.9991599448734058,0.07379073315764877,0.05865647100577168,0.09228004579076887,True,True,pass,3.554701984917168,0.49275064319531237,True
26,L4 decorrelate,0.25,narrative,5.473477848616979,0.6146296099393128,True,0.9997507034999387,0.998570393008972,True,0.08932032789421054,0.9997339344812279,0.08616192722122665,0.0739467298967958,0.10576095524262158,False,False,unresolved,3.2742140930999666,0.43425042403518693,True
26,L4 decorrelate,0.25,model,,,True,,,True,,,,,,False,False,unresolved,,,True
26,L4 decorrelate,0.5,clinical,4.418050694072891,0.5166960788569472,True,0.998540754317063,0.9966632216401314,True,0.10542120658766282,0.9989902963505156,0.1461765804277003,0.13418731984887833,0.16702804955778255,False,False,fail,2.8049335555603636,0.3941811263979929,False
26,L4 decorrelate,0.5,narrative,3.945672309109567,0.5119436351674005,True,0.9995894674315969,0.9976618110060584,True,0.09734093677133188,0.9995889110144376,0.1786510302208544,0.1625086285561504,0.19781796721950484,False,False,fail,2.452492896808044,0.34613104174348525,False
26,L4 decorrelate,0.5,model,,,True,,,True,,,,,,False,False,fail,,,False
26,L4 decorrelate,0.75,clinical,2.8098653455913207,0.3989864969306573,False,0.9984001436475101,0.9931415689448916,True,0.11260807610555508,0.9990032026855186,0.2715022420187078,0.2505777930614814,0.30498598603707916,False,False,fail,1.75874265340947,0.26001732168903763,False
26,L4 decorrelate,0.75,narrative,2.733372814896494,0.39612052722181945,False,0.9984260029493245,0.9925149760711572,True,0.10250441380151532,0.9987013806599033,0.29609727809855124,0.27519969283175033,0.3246801265213097,False,False,fail,1.707205079276333,0.2525833825191341,False
26,L4 decorrelate,0.75,model,,,False,,,True,,,,,,False,False,fail,,,False
26,L4 decorrelate,1.0,clinical,1.682691823266874,0.23462460240338406,False,0.993539788480912,0.9567975564443668,True,0.11299706186336735,0.9953461082753888,0.43775054104380745,0.40909419666841695,0.4771500750660933,False,False,fail,1.0468767167381667,0.0017385658055576062,False
26,L4 decorrelate,1.0,narrative,1.5121198284250568,0.1916609349696072,False,0.9876019721118231,0.9291659426649963,False,0.10356367219413125,0.989621809841204,0.4784494953924653,0.4513471402050484,0.5154169832699353,False,False,fail,1.0239043105972883,-0.10169490613737275,False
26,L4 decorrelate,1.0,model,,,False,,,False,,,,,,False,False,fail,,,False
