outcome,group,resid,se_ref_part_jk,se_ref_part_taylor,ratio
mean,Overall,3.492864,0.04095,0.04095,0.999996
mean,White,3.257429,0.050546,0.050545,0.999978
mean,Black,4.107217,0.07968,0.079665,0.999812
mean,Asian,3.341169,0.081642,0.081643,1.000012
mean,Hispanic,4.327991,0.077604,0.077591,0.999827
mean,Men,3.427359,0.044955,0.044954,0.99999
mean,Women,3.554395,0.051891,0.051892,1.000014
mean,Low,6.052752,0.076844,0.076825,0.999752
mean,Middle,3.156275,0.050689,0.050688,0.999972
mean,High,2.592396,0.039988,0.039986,0.999942
prev10,Overall,6.468627,0.362051,0.362047,0.99999
prev10,White,4.48544,0.421351,0.421332,0.999954
prev10,Black,13.052921,0.671457,0.671307,0.999777
prev10,Asian,1.868628,0.518678,0.518805,1.000245
prev10,Hispanic,13.675834,0.647255,0.647164,0.999859
prev10,Men,4.682808,0.356156,0.356141,0.99996
prev10,Women,8.146126,0.477967,0.477963,0.999992
prev10,Low,41.852108,0.53296,0.532917,0.999919
prev10,Middle,-2.898714,0.328758,0.328714,0.999866
prev10,High,-2.186475,0.256494,0.256475,0.999928
