spec,corpus,estimand,framing,outcome,n_rows,resid_min,resid_max,all_positive,n_positive_sig,n_negative_sig,pass_0.2SD,pass_0.2SD_pooled,pass_0.2SD_nine_groups,pass_1pt,pass_1pt_pooled,pass_1pt_nine_groups,pass_2pt,pass_2pt_pooled,pass_2pt_nine_groups,pass_5pt_benchmark,pass_5pt_benchmark_pooled,pass_5pt_benchmark_nine_groups,pass_2.5pp,pass_2.5pp_pooled,pass_2.5pp_nine_groups,pass_5pp,pass_5pp_pooled,pass_5pp_nine_groups,pass_ratio_0.80_1.25,pass_ratio_0.80_1.25_pooled,pass_ratio_0.80_1.25_nine_groups
S1 primary,all,DS,clinical,mean,40,0.981699,7.642592,True,40,0,0.0,0.0,0.0,0.0,0.0,0.0,4.0,0.0,4.0,23.0,9.0,21.0,,,,,,,,,
S1 primary,all,DS,clinical,prev10,40,-6.325422,66.142789,False,32,6,,,,,,,,,,,,,0.0,0.0,0.0,3.0,2.0,3.0,0.0,0.0,0.0
S1 primary,all,DS,combined,mean,40,0.603574,6.663426,True,40,0,1.0,0.0,1.0,1.0,0.0,1.0,4.0,0.0,4.0,26.0,9.0,23.0,,,,,,,,,
S1 primary,all,DS,combined,prev10,40,-6.429589,53.226122,False,30,6,,,,,,,,,,,,,4.0,0.0,3.0,9.0,2.0,8.0,0.0,0.0,0.0
S1 primary,all,DS,narrative,mean,40,0.225449,5.940509,True,40,0,1.0,0.0,1.0,1.0,0.0,1.0,4.0,0.0,4.0,29.0,9.0,26.0,,,,,,,,,
S1 primary,all,DS,narrative,prev10,40,-6.533756,40.309456,False,25,9,,,,,,,,,,,,,0.0,0.0,0.0,10.0,3.0,9.0,0.0,0.0,0.0
S1 primary,all,MG,clinical,mean,40,1.392769,7.329683,True,40,0,0.0,0.0,0.0,0.0,0.0,0.0,4.0,0.0,4.0,23.0,9.0,21.0,,,,,,,,,
S1 primary,all,MG,clinical,prev10,40,-6.912795,66.193664,False,32,6,,,,,,,,,,,,,0.0,0.0,0.0,4.0,2.0,4.0,0.0,0.0,0.0
S1 primary,all,MG,combined,mean,40,0.875269,6.519683,True,40,0,0.0,0.0,0.0,1.0,0.0,1.0,4.0,0.0,4.0,27.0,9.0,24.0,,,,,,,,,
S1 primary,all,MG,combined,prev10,40,-7.246128,56.110331,False,30,6,,,,,,,,,,,,,1.0,0.0,1.0,11.0,2.0,10.0,0.0,0.0,0.0
S1 primary,all,MG,narrative,mean,40,0.357769,5.709683,True,40,0,1.0,0.0,1.0,1.0,0.0,1.0,4.0,0.0,4.0,30.0,9.0,27.0,,,,,,,,,
S1 primary,all,MG,narrative,prev10,40,-7.579462,46.026998,False,24,10,,,,,,,,,,,,,0.0,0.0,0.0,9.0,3.0,8.0,1.0,0.0,1.0
S1 primary,all,PS,clinical,mean,40,1.010305,8.081935,True,40,0,0.0,0.0,0.0,0.0,0.0,0.0,5.0,0.0,5.0,27.0,9.0,23.0,,,,,,,,,
S1 primary,all,PS,clinical,prev10,40,-7.312987,76.13287,False,29,5,,,,,,,,,,,,,0.0,0.0,0.0,5.0,3.0,5.0,0.0,0.0,0.0
S1 primary,all,PS,combined,mean,40,0.661517,7.36564,True,40,0,0.0,0.0,0.0,1.0,0.0,1.0,6.0,0.0,6.0,28.0,9.0,24.0,,,,,,,,,
S1 primary,all,PS,combined,prev10,40,-7.327321,67.518678,False,26,6,,,,,,,,,,,,,3.0,0.0,2.0,9.0,3.0,8.0,1.0,0.0,0.0
S1 primary,all,PS,narrative,mean,40,0.312728,6.649344,True,40,0,1.0,0.0,1.0,1.0,0.0,1.0,9.0,0.0,9.0,31.0,9.0,27.0,,,,,,,,,
S1 primary,all,PS,narrative,prev10,40,-7.341655,58.904487,False,23,11,,,,,,,,,,,,,0.0,1.0,0.0,7.0,4.0,6.0,0.0,0.0,0.0
S1 primary,dec_only,DS,clinical,mean,40,0.915732,7.642592,True,40,0,0.0,0.0,0.0,0.0,0.0,0.0,4.0,0.0,4.0,23.0,9.0,21.0,,,,,,,,,
S1 primary,dec_only,DS,clinical,prev10,40,-6.325422,66.142789,False,32,6,,,,,,,,,,,,,0.0,0.0,0.0,3.0,2.0,3.0,0.0,0.0,0.0
S1 primary,dec_only,DS,combined,mean,40,0.594304,6.663426,True,40,0,1.0,0.0,1.0,1.0,0.0,1.0,4.0,0.0,4.0,27.0,9.0,24.0,,,,,,,,,
S1 primary,dec_only,DS,combined,prev10,40,-6.429589,53.226122,False,30,6,,,,,,,,,,,,,4.0,0.0,3.0,9.0,2.0,8.0,0.0,0.0,0.0
S1 primary,dec_only,DS,narrative,mean,40,0.225449,5.940509,True,40,0,1.0,0.0,1.0,1.0,0.0,1.0,4.0,0.0,4.0,29.0,9.0,26.0,,,,,,,,,
S1 primary,dec_only,DS,narrative,prev10,40,-6.533756,40.309456,False,25,9,,,,,,,,,,,,,0.0,0.0,0.0,10.0,3.0,9.0,0.0,0.0,0.0
S1 primary,dec_only,MG,clinical,mean,40,0.90134,7.329683,True,40,0,0.0,0.0,0.0,0.0,0.0,0.0,4.0,0.0,4.0,23.0,9.0,21.0,,,,,,,,,
S1 primary,dec_only,MG,clinical,prev10,40,-6.912795,66.193664,False,32,6,,,,,,,,,,,,,0.0,0.0,0.0,2.0,2.0,2.0,0.0,0.0,0.0
S1 primary,dec_only,MG,combined,mean,40,0.579912,6.519683,True,40,0,1.0,0.0,1.0,1.0,0.0,1.0,4.0,0.0,4.0,28.0,9.0,25.0,,,,,,,,,
S1 primary,dec_only,MG,combined,prev10,40,-7.246128,56.110331,False,29,6,,,,,,,,,,,,,2.0,0.0,2.0,12.0,2.0,11.0,0.0,0.0,0.0
S1 primary,dec_only,MG,narrative,mean,40,0.357769,5.709683,True,40,0,1.0,0.0,1.0,1.0,0.0,1.0,4.0,0.0,4.0,30.0,9.0,27.0,,,,,,,,,
S1 primary,dec_only,MG,narrative,prev10,40,-7.579462,46.026998,False,24,10,,,,,,,,,,,,,0.0,0.0,0.0,9.0,3.0,8.0,1.0,0.0,1.0
S1 primary,dec_only,PS,clinical,mean,40,1.005595,8.081935,True,40,0,0.0,0.0,0.0,0.0,0.0,0.0,5.0,0.0,5.0,27.0,9.0,23.0,,,,,,,,,
S1 primary,dec_only,PS,clinical,prev10,40,-7.312987,76.13287,False,29,5,,,,,,,,,,,,,0.0,0.0,0.0,5.0,3.0,5.0,0.0,0.0,0.0
S1 primary,dec_only,PS,combined,mean,40,0.665552,7.36564,True,40,0,0.0,0.0,0.0,1.0,0.0,1.0,6.0,0.0,6.0,30.0,9.0,26.0,,,,,,,,,
S1 primary,dec_only,PS,combined,prev10,40,-7.327321,67.518678,False,26,6,,,,,,,,,,,,,2.0,0.0,1.0,9.0,3.0,8.0,0.0,0.0,0.0
S1 primary,dec_only,PS,narrative,mean,40,0.312728,6.649344,True,40,0,1.0,0.0,1.0,1.0,0.0,1.0,9.0,0.0,9.0,31.0,9.0,27.0,,,,,,,,,
S1 primary,dec_only,PS,narrative,prev10,40,-7.341655,58.904487,False,23,11,,,,,,,,,,,,,0.0,1.0,0.0,7.0,4.0,6.0,0.0,0.0,0.0
S2 cohabiting as married,all,DS,clinical,mean,40,0.969106,7.542946,True,40,0,0.0,0.0,0.0,0.0,0.0,0.0,4.0,0.0,4.0,25.0,9.0,22.0,,,,,,,,,
S2 cohabiting as married,all,DS,clinical,prev10,40,-6.503153,65.659814,False,32,6,,,,,,,,,,,,,0.0,0.0,0.0,3.0,2.0,3.0,0.0,0.0,0.0
S2 cohabiting as married,all,DS,combined,mean,40,0.590981,6.563779,True,40,0,1.0,0.0,1.0,1.0,0.0,1.0,4.0,0.0,4.0,27.0,9.0,23.0,,,,,,,,,
S2 cohabiting as married,all,DS,combined,prev10,40,-6.607319,52.743147,False,29,6,,,,,,,,,,,,,4.0,0.0,3.0,10.0,2.0,9.0,0.0,0.0,0.0
S2 cohabiting as married,all,DS,narrative,mean,40,0.212856,5.840862,True,40,0,1.0,0.0,1.0,1.0,0.0,1.0,5.0,0.0,5.0,29.0,9.0,26.0,,,,,,,,,
S2 cohabiting as married,all,DS,narrative,prev10,40,-6.711486,39.82648,False,25,11,,,,,,,,,,,,,0.0,0.0,0.0,8.0,3.0,7.0,0.0,0.0,0.0
S2 cohabiting as married,all,MG,clinical,mean,40,1.392769,7.329683,True,40,0,0.0,0.0,0.0,0.0,0.0,0.0,4.0,0.0,4.0,23.0,9.0,21.0,,,,,,,,,
S2 cohabiting as married,all,MG,clinical,prev10,40,-6.912795,66.193664,False,32,6,,,,,,,,,,,,,0.0,0.0,0.0,4.0,2.0,4.0,0.0,0.0,0.0
S2 cohabiting as married,all,MG,combined,mean,40,0.875269,6.519683,True,40,0,0.0,0.0,0.0,1.0,0.0,1.0,4.0,0.0,4.0,27.0,9.0,24.0,,,,,,,,,
S2 cohabiting as married,all,MG,combined,prev10,40,-7.246128,56.110331,False,30,6,,,,,,,,,,,,,1.0,0.0,1.0,11.0,2.0,10.0,0.0,0.0,0.0
S2 cohabiting as married,all,MG,narrative,mean,40,0.357769,5.709683,True,40,0,1.0,0.0,1.0,1.0,0.0,1.0,4.0,0.0,4.0,30.0,9.0,27.0,,,,,,,,,
S2 cohabiting as married,all,MG,narrative,prev10,40,-7.579462,46.026998,False,24,10,,,,,,,,,,,,,0.0,0.0,0.0,9.0,3.0,8.0,1.0,0.0,1.0
S2 cohabiting as married,all,PS,clinical,mean,40,0.965496,7.930321,True,40,0,0.0,0.0,0.0,0.0,0.0,0.0,5.0,0.0,5.0,27.0,9.0,23.0,,,,,,,,,
S2 cohabiting as married,all,PS,clinical,prev10,40,-7.364254,74.933613,False,29,5,,,,,,,,,,,,,0.0,0.0,0.0,5.0,2.0,5.0,0.0,0.0,0.0
S2 cohabiting as married,all,PS,combined,mean,40,0.612987,7.22629,True,40,0,1.0,0.0,1.0,1.0,0.0,1.0,7.0,0.0,7.0,29.0,9.0,25.0,,,,,,,,,
S2 cohabiting as married,all,PS,combined,prev10,40,-7.377449,66.15877,False,26,6,,,,,,,,,,,,,3.0,0.0,2.0,9.0,3.0,8.0,1.0,0.0,0.0
S2 cohabiting as married,all,PS,narrative,mean,40,0.260478,6.522258,True,40,0,1.0,0.0,1.0,1.0,0.0,1.0,9.0,0.0,9.0,32.0,9.0,28.0,,,,,,,,,
S2 cohabiting as married,all,PS,narrative,prev10,40,-7.390643,57.383926,False,23,11,,,,,,,,,,,,,0.0,1.0,0.0,8.0,4.0,7.0,0.0,0.0,0.0
S2 cohabiting as married,dec_only,DS,clinical,mean,40,0.896841,7.542946,True,40,0,0.0,0.0,0.0,0.0,0.0,0.0,4.0,0.0,4.0,25.0,9.0,22.0,,,,,,,,,
S2 cohabiting as married,dec_only,DS,clinical,prev10,40,-6.503153,65.659814,False,32,6,,,,,,,,,,,,,0.0,0.0,0.0,3.0,2.0,3.0,0.0,0.0,0.0
S2 cohabiting as married,dec_only,DS,combined,mean,40,0.575413,6.563779,True,40,0,1.0,0.0,1.0,1.0,0.0,1.0,4.0,0.0,4.0,28.0,9.0,24.0,,,,,,,,,
S2 cohabiting as married,dec_only,DS,combined,prev10,40,-6.607319,52.743147,False,28,6,,,,,,,,,,,,,4.0,0.0,3.0,9.0,2.0,8.0,0.0,0.0,0.0
S2 cohabiting as married,dec_only,DS,narrative,mean,40,0.212856,5.840862,True,40,0,1.0,0.0,1.0,1.0,0.0,1.0,5.0,0.0,5.0,29.0,9.0,26.0,,,,,,,,,
S2 cohabiting as married,dec_only,DS,narrative,prev10,40,-6.711486,39.82648,False,25,11,,,,,,,,,,,,,0.0,0.0,0.0,8.0,3.0,7.0,0.0,0.0,0.0
S2 cohabiting as married,dec_only,MG,clinical,mean,40,0.90134,7.329683,True,40,0,0.0,0.0,0.0,0.0,0.0,0.0,4.0,0.0,4.0,23.0,9.0,21.0,,,,,,,,,
S2 cohabiting as married,dec_only,MG,clinical,prev10,40,-6.912795,66.193664,False,32,6,,,,,,,,,,,,,0.0,0.0,0.0,2.0,2.0,2.0,0.0,0.0,0.0
S2 cohabiting as married,dec_only,MG,combined,mean,40,0.579912,6.519683,True,40,0,1.0,0.0,1.0,1.0,0.0,1.0,4.0,0.0,4.0,28.0,9.0,25.0,,,,,,,,,
S2 cohabiting as married,dec_only,MG,combined,prev10,40,-7.246128,56.110331,False,29,6,,,,,,,,,,,,,2.0,0.0,2.0,12.0,2.0,11.0,0.0,0.0,0.0
S2 cohabiting as married,dec_only,MG,narrative,mean,40,0.357769,5.709683,True,40,0,1.0,0.0,1.0,1.0,0.0,1.0,4.0,0.0,4.0,30.0,9.0,27.0,,,,,,,,,
S2 cohabiting as married,dec_only,MG,narrative,prev10,40,-7.579462,46.026998,False,24,10,,,,,,,,,,,,,0.0,0.0,0.0,9.0,3.0,8.0,1.0,0.0,1.0
S2 cohabiting as married,dec_only,PS,clinical,mean,40,0.959358,7.930321,True,40,0,0.0,0.0,0.0,0.0,0.0,0.0,5.0,0.0,5.0,27.0,9.0,23.0,,,,,,,,,
S2 cohabiting as married,dec_only,PS,clinical,prev10,40,-7.364254,74.933613,False,29,5,,,,,,,,,,,,,0.0,0.0,0.0,5.0,2.0,5.0,0.0,0.0,0.0
S2 cohabiting as married,dec_only,PS,combined,mean,40,0.615107,7.22629,True,40,0,1.0,0.0,1.0,1.0,0.0,1.0,7.0,0.0,7.0,31.0,9.0,27.0,,,,,,,,,
S2 cohabiting as married,dec_only,PS,combined,prev10,40,-7.377449,66.15877,False,26,6,,,,,,,,,,,,,2.0,0.0,1.0,9.0,3.0,8.0,1.0,0.0,0.0
S2 cohabiting as married,dec_only,PS,narrative,mean,40,0.260478,6.522258,True,40,0,1.0,0.0,1.0,1.0,0.0,1.0,9.0,0.0,9.0,32.0,9.0,28.0,,,,,,,,,
S2 cohabiting as married,dec_only,PS,narrative,prev10,40,-7.390643,57.383926,False,23,11,,,,,,,,,,,,,0.0,1.0,0.0,8.0,4.0,7.0,0.0,0.0,0.0
S2b cohabiting as single,all,DS,clinical,mean,40,1.015569,7.647532,True,40,0,0.0,0.0,0.0,0.0,0.0,0.0,4.0,0.0,4.0,23.0,9.0,21.0,,,,,,,,,
S2b cohabiting as single,all,DS,clinical,prev10,40,-6.214285,66.200923,False,32,6,,,,,,,,,,,,,0.0,0.0,0.0,3.0,2.0,3.0,0.0,0.0,0.0
S2b cohabiting as single,all,DS,combined,mean,40,0.637444,6.668366,True,40,0,1.0,0.0,1.0,1.0,0.0,1.0,4.0,0.0,4.0,26.0,9.0,23.0,,,,,,,,,
S2b cohabiting as single,all,DS,combined,prev10,40,-6.318452,53.284257,False,30,6,,,,,,,,,,,,,4.0,0.0,3.0,10.0,2.0,9.0,0.0,0.0,0.0
S2b cohabiting as single,all,DS,narrative,mean,40,0.259319,5.945449,True,40,0,1.0,0.0,1.0,1.0,0.0,1.0,4.0,0.0,4.0,29.0,9.0,26.0,,,,,,,,,
S2b cohabiting as single,all,DS,narrative,prev10,40,-6.422618,40.36759,False,25,9,,,,,,,,,,,,,0.0,0.0,0.0,10.0,3.0,9.0,0.0,0.0,0.0
S2b cohabiting as single,all,MG,clinical,mean,40,1.392769,7.329683,True,40,0,0.0,0.0,0.0,0.0,0.0,0.0,4.0,0.0,4.0,23.0,9.0,21.0,,,,,,,,,
S2b cohabiting as single,all,MG,clinical,prev10,40,-6.912795,66.193664,False,32,6,,,,,,,,,,,,,0.0,0.0,0.0,4.0,2.0,4.0,0.0,0.0,0.0
S2b cohabiting as single,all,MG,combined,mean,40,0.875269,6.519683,True,40,0,0.0,0.0,0.0,1.0,0.0,1.0,4.0,0.0,4.0,27.0,9.0,24.0,,,,,,,,,
S2b cohabiting as single,all,MG,combined,prev10,40,-7.246128,56.110331,False,30,6,,,,,,,,,,,,,1.0,0.0,1.0,11.0,2.0,10.0,0.0,0.0,0.0
S2b cohabiting as single,all,MG,narrative,mean,40,0.357769,5.709683,True,40,0,1.0,0.0,1.0,1.0,0.0,1.0,4.0,0.0,4.0,30.0,9.0,27.0,,,,,,,,,
S2b cohabiting as single,all,MG,narrative,prev10,40,-7.579462,46.026998,False,24,10,,,,,,,,,,,,,0.0,0.0,0.0,9.0,3.0,8.0,1.0,0.0,1.0
S2b cohabiting as single,all,PS,clinical,mean,40,0.99492,8.1184,True,40,0,0.0,0.0,0.0,0.0,0.0,0.0,4.0,0.0,4.0,26.0,9.0,22.0,,,,,,,,,
S2b cohabiting as single,all,PS,clinical,prev10,40,-7.360706,76.728261,False,29,5,,,,,,,,,,,,,0.0,0.0,0.0,5.0,2.0,5.0,0.0,0.0,0.0
S2b cohabiting as single,all,PS,combined,mean,40,0.657118,7.392866,True,40,0,0.0,0.0,0.0,1.0,0.0,1.0,6.0,0.0,6.0,28.0,9.0,24.0,,,,,,,,,
S2b cohabiting as single,all,PS,combined,prev10,40,-7.375675,68.079574,False,26,6,,,,,,,,,,,,,4.0,0.0,3.0,8.0,3.0,7.0,0.0,0.0,0.0
S2b cohabiting as single,all,PS,narrative,mean,40,0.319316,6.667332,True,40,0,1.0,0.0,1.0,1.0,0.0,1.0,9.0,0.0,9.0,31.0,9.0,27.0,,,,,,,,,
S2b cohabiting as single,all,PS,narrative,prev10,40,-7.390643,59.430887,False,24,11,,,,,,,,,,,,,0.0,1.0,0.0,7.0,4.0,6.0,0.0,0.0,0.0
S3 2007-2018 PIR (bridge),all,DS,clinical,mean,40,0.960097,7.608175,True,40,0,0.0,0.0,0.0,0.0,0.0,0.0,4.0,0.0,4.0,24.0,9.0,21.0,,,,,,,,,
S3 2007-2018 PIR (bridge),all,DS,clinical,prev10,40,-6.506567,66.002563,False,32,7,,,,,,,,,,,,,0.0,0.0,0.0,3.0,2.0,3.0,0.0,0.0,0.0
S3 2007-2018 PIR (bridge),all,DS,combined,mean,40,0.581972,6.629008,True,40,0,1.0,0.0,1.0,1.0,0.0,1.0,4.0,0.0,4.0,26.0,9.0,23.0,,,,,,,,,
S3 2007-2018 PIR (bridge),all,DS,combined,prev10,40,-6.610733,53.085896,False,29,6,,,,,,,,,,,,,4.0,0.0,3.0,9.0,2.0,8.0,0.0,0.0,0.0
S3 2007-2018 PIR (bridge),all,DS,narrative,mean,40,0.203847,5.906091,True,40,0,1.0,0.0,1.0,1.0,0.0,1.0,4.0,0.0,4.0,29.0,9.0,26.0,,,,,,,,,
S3 2007-2018 PIR (bridge),all,DS,narrative,prev10,40,-6.7149,40.169229,False,25,11,,,,,,,,,,,,,0.0,0.0,0.0,8.0,3.0,7.0,0.0,0.0,0.0
S3 2007-2018 PIR (bridge),all,MG,clinical,mean,40,1.349827,7.270033,True,40,0,0.0,0.0,0.0,0.0,0.0,0.0,4.0,0.0,4.0,26.0,9.0,23.0,,,,,,,,,
S3 2007-2018 PIR (bridge),all,MG,clinical,prev10,40,-7.296378,65.956645,False,32,6,,,,,,,,,,,,,0.0,0.0,0.0,3.0,2.0,3.0,0.0,0.0,0.0
S3 2007-2018 PIR (bridge),all,MG,combined,mean,40,0.832327,6.460033,True,40,0,0.0,0.0,0.0,1.0,0.0,1.0,4.0,0.0,4.0,31.0,9.0,27.0,,,,,,,,,
S3 2007-2018 PIR (bridge),all,MG,combined,prev10,40,-7.629712,55.873311,False,29,6,,,,,,,,,,,,,4.0,0.0,3.0,10.0,2.0,9.0,0.0,0.0,0.0
S3 2007-2018 PIR (bridge),all,MG,narrative,mean,40,0.314827,5.650033,True,40,0,1.0,0.0,1.0,1.0,0.0,1.0,4.0,0.0,4.0,32.0,9.0,29.0,,,,,,,,,
S3 2007-2018 PIR (bridge),all,MG,narrative,prev10,40,-7.963045,45.789978,False,24,10,,,,,,,,,,,,,0.0,0.0,0.0,9.0,3.0,8.0,1.0,0.0,1.0
S3 2007-2018 PIR (bridge),all,PS,clinical,mean,40,0.963494,8.041032,True,40,0,0.0,0.0,0.0,0.0,0.0,0.0,5.0,0.0,5.0,27.0,9.0,23.0,,,,,,,,,
S3 2007-2018 PIR (bridge),all,PS,clinical,prev10,40,-7.747911,76.121987,False,29,5,,,,,,,,,,,,,0.0,0.0,0.0,5.0,3.0,5.0,0.0,0.0,0.0
S3 2007-2018 PIR (bridge),all,PS,combined,mean,40,0.61482,7.323553,True,40,0,1.0,0.0,1.0,1.0,0.0,1.0,7.0,0.0,7.0,30.0,9.0,26.0,,,,,,,,,
S3 2007-2018 PIR (bridge),all,PS,combined,prev10,40,-7.762343,67.510636,False,26,6,,,,,,,,,,,,,3.0,0.0,2.0,9.0,3.0,8.0,1.0,0.0,0.0
S3 2007-2018 PIR (bridge),all,PS,narrative,mean,40,0.266146,6.606074,True,40,0,1.0,0.0,1.0,1.0,0.0,1.0,9.0,0.0,9.0,33.0,9.0,29.0,,,,,,,,,
S3 2007-2018 PIR (bridge),all,PS,narrative,prev10,40,-7.776775,58.899284,False,23,11,,,,,,,,,,,,,0.0,1.0,0.0,7.0,4.0,6.0,0.0,0.0,0.0
S4 persona-string income,all,DS,clinical,mean,40,1.26364,6.840646,True,40,0,0.0,0.0,0.0,0.0,0.0,0.0,1.0,0.0,1.0,24.0,9.0,22.0,,,,,,,,,
S4 persona-string income,all,DS,clinical,prev10,40,-4.298259,62.37646,False,32,6,,,,,,,,,,,,,0.0,1.0,0.0,8.0,2.0,8.0,0.0,0.0,0.0
S4 persona-string income,all,DS,combined,mean,40,0.885515,5.861479,True,40,0,0.0,0.0,0.0,0.0,0.0,0.0,3.0,0.0,3.0,27.0,9.0,24.0,,,,,,,,,
S4 persona-string income,all,DS,combined,prev10,40,-4.402425,49.459794,False,30,6,,,,,,,,,,,,,3.0,1.0,2.0,12.0,2.0,11.0,0.0,0.0,0.0
S4 persona-string income,all,DS,narrative,mean,40,0.50739,5.371674,True,40,0,1.0,0.0,1.0,1.0,0.0,1.0,4.0,0.0,4.0,29.0,10.0,26.0,,,,,,,,,
S4 persona-string income,all,DS,narrative,prev10,40,-4.506592,36.543127,False,24,10,,,,,,,,,,,,,0.0,2.0,0.0,11.0,3.0,10.0,0.0,0.0,0.0
S4 persona-string income,all,MG,clinical,mean,40,1.609074,6.0271,True,40,0,0.0,0.0,0.0,0.0,0.0,0.0,1.0,0.0,1.0,27.0,10.0,24.0,,,,,,,,,
S4 persona-string income,all,MG,clinical,prev10,40,-4.222277,59.354848,False,32,5,,,,,,,,,,,,,1.0,1.0,1.0,7.0,2.0,7.0,0.0,0.0,0.0
S4 persona-string income,all,MG,combined,mean,40,1.091574,5.50965,True,40,0,0.0,0.0,0.0,0.0,0.0,0.0,2.0,0.0,2.0,31.0,10.0,27.0,,,,,,,,,
S4 persona-string income,all,MG,combined,prev10,40,-4.555611,49.271514,False,30,6,,,,,,,,,,,,,3.0,2.0,2.0,13.0,2.0,12.0,0.0,1.0,0.0
S4 persona-string income,all,MG,narrative,mean,40,0.574074,5.401317,True,40,0,1.0,0.0,1.0,1.0,0.0,1.0,3.0,0.0,3.0,31.0,10.0,28.0,,,,,,,,,
S4 persona-string income,all,MG,narrative,prev10,40,-5.978486,39.188181,False,24,11,,,,,,,,,,,,,0.0,2.0,0.0,12.0,3.0,11.0,0.0,0.0,0.0
S4 persona-string income,all,PS,clinical,mean,40,1.158014,7.055363,True,40,0,0.0,0.0,0.0,0.0,0.0,0.0,4.0,0.0,4.0,26.0,9.0,23.0,,,,,,,,,
S4 persona-string income,all,PS,clinical,prev10,40,-5.027379,72.179258,False,22,1,,,,,,,,,,,,,0.0,1.0,0.0,12.0,5.0,10.0,0.0,0.0,0.0
S4 persona-string income,all,PS,combined,mean,40,0.786525,6.322374,True,40,0,0.0,0.0,0.0,1.0,0.0,1.0,8.0,0.0,7.0,29.0,9.0,25.0,,,,,,,,,
S4 persona-string income,all,PS,combined,prev10,40,-5.040899,64.205381,False,21,5,,,,,,,,,,,,,2.0,2.0,1.0,16.0,6.0,14.0,0.0,0.0,0.0
S4 persona-string income,all,PS,narrative,mean,40,0.415036,5.752159,True,40,0,1.0,0.0,1.0,2.0,0.0,2.0,12.0,0.0,10.0,27.0,10.0,24.0,,,,,,,,,
S4 persona-string income,all,PS,narrative,prev10,40,-5.05442,56.231503,False,20,7,,,,,,,,,,,,,0.0,1.0,0.0,7.0,6.0,5.0,0.0,0.0,0.0
S4 persona-string income,dec_only,DS,clinical,mean,40,1.156333,6.840646,True,40,0,0.0,0.0,0.0,0.0,0.0,0.0,1.0,0.0,1.0,24.0,9.0,22.0,,,,,,,,,
S4 persona-string income,dec_only,DS,clinical,prev10,40,-4.298259,62.37646,False,31,6,,,,,,,,,,,,,0.0,1.0,0.0,8.0,2.0,8.0,0.0,0.0,0.0
S4 persona-string income,dec_only,DS,combined,mean,40,0.834905,5.861479,True,40,0,0.0,0.0,0.0,1.0,0.0,1.0,3.0,0.0,3.0,27.0,9.0,24.0,,,,,,,,,
S4 persona-string income,dec_only,DS,combined,prev10,40,-4.402425,49.459794,False,30,6,,,,,,,,,,,,,3.0,1.0,2.0,12.0,2.0,11.0,0.0,0.0,0.0
S4 persona-string income,dec_only,DS,narrative,mean,40,0.50739,5.371674,True,40,0,1.0,0.0,1.0,1.0,0.0,1.0,4.0,0.0,4.0,29.0,10.0,26.0,,,,,,,,,
S4 persona-string income,dec_only,DS,narrative,prev10,40,-4.506592,36.543127,False,24,10,,,,,,,,,,,,,0.0,2.0,0.0,11.0,3.0,10.0,0.0,0.0,0.0
S4 persona-string income,dec_only,MG,clinical,mean,40,1.117645,6.0271,True,40,0,0.0,0.0,0.0,0.0,0.0,0.0,1.0,0.0,1.0,27.0,10.0,24.0,,,,,,,,,
S4 persona-string income,dec_only,MG,clinical,prev10,40,-4.222277,59.354848,False,32,6,,,,,,,,,,,,,1.0,1.0,1.0,6.0,2.0,6.0,0.0,0.0,0.0
S4 persona-string income,dec_only,MG,combined,mean,40,0.796217,5.49428,True,40,0,0.0,0.0,0.0,1.0,0.0,1.0,3.0,0.0,3.0,31.0,10.0,27.0,,,,,,,,,
S4 persona-string income,dec_only,MG,combined,prev10,40,-4.555611,49.271514,False,30,6,,,,,,,,,,,,,2.0,2.0,2.0,13.0,2.0,12.0,0.0,0.0,0.0
S4 persona-string income,dec_only,MG,narrative,mean,40,0.574074,5.401317,True,40,0,1.0,0.0,1.0,1.0,0.0,1.0,3.0,0.0,3.0,31.0,10.0,28.0,,,,,,,,,
S4 persona-string income,dec_only,MG,narrative,prev10,40,-5.978486,39.188181,False,24,11,,,,,,,,,,,,,0.0,2.0,0.0,12.0,3.0,11.0,0.0,0.0,0.0
S4 persona-string income,dec_only,PS,clinical,mean,40,1.149213,7.055363,True,40,0,0.0,0.0,0.0,0.0,0.0,0.0,4.0,0.0,4.0,26.0,9.0,23.0,,,,,,,,,
S4 persona-string income,dec_only,PS,clinical,prev10,40,-5.027379,72.179258,False,22,1,,,,,,,,,,,,,0.0,2.0,0.0,11.0,5.0,10.0,0.0,0.0,0.0
S4 persona-string income,dec_only,PS,combined,mean,40,0.783081,6.322374,True,40,0,0.0,0.0,0.0,1.0,0.0,1.0,8.0,0.0,7.0,29.0,9.0,25.0,,,,,,,,,
S4 persona-string income,dec_only,PS,combined,prev10,40,-5.040899,64.205381,False,21,5,,,,,,,,,,,,,2.0,2.0,1.0,16.0,6.0,14.0,0.0,0.0,0.0
S4 persona-string income,dec_only,PS,narrative,mean,40,0.415036,5.752159,True,40,0,1.0,0.0,1.0,2.0,0.0,2.0,12.0,0.0,10.0,27.0,10.0,24.0,,,,,,,,,
S4 persona-string income,dec_only,PS,narrative,prev10,40,-5.05442,56.231503,False,20,7,,,,,,,,,,,,,0.0,1.0,0.0,7.0,6.0,5.0,0.0,0.0,0.0
"S5 persona-string, high top-coded",all,DS,clinical,mean,40,1.355224,6.840646,True,40,0,0.0,0.0,0.0,0.0,0.0,0.0,1.0,0.0,1.0,22.0,9.0,20.0,,,,,,,,,
"S5 persona-string, high top-coded",all,DS,clinical,prev10,40,-4.298259,62.37646,False,32,6,,,,,,,,,,,,,1.0,1.0,1.0,8.0,2.0,8.0,0.0,0.0,0.0
"S5 persona-string, high top-coded",all,DS,combined,mean,40,0.977099,5.861479,True,40,0,0.0,0.0,0.0,0.0,0.0,0.0,3.0,0.0,3.0,26.0,9.0,23.0,,,,,,,,,
"S5 persona-string, high top-coded",all,DS,combined,prev10,40,-4.402425,49.459794,False,30,6,,,,,,,,,,,,,3.0,2.0,2.0,13.0,2.0,12.0,0.0,0.0,0.0
"S5 persona-string, high top-coded",all,DS,narrative,mean,40,0.598974,5.371674,True,40,0,1.0,0.0,1.0,1.0,0.0,1.0,4.0,0.0,4.0,29.0,10.0,26.0,,,,,,,,,
"S5 persona-string, high top-coded",all,DS,narrative,prev10,40,-4.506592,36.543127,False,24,10,,,,,,,,,,,,,0.0,2.0,0.0,12.0,3.0,11.0,0.0,0.0,0.0
"S5 persona-string, high top-coded",all,MG,clinical,mean,40,1.713506,6.0271,True,40,0,0.0,0.0,0.0,0.0,0.0,0.0,1.0,0.0,1.0,27.0,10.0,24.0,,,,,,,,,
"S5 persona-string, high top-coded",all,MG,clinical,prev10,40,-4.222277,59.354848,False,32,4,,,,,,,,,,,,,1.0,1.0,1.0,7.0,2.0,7.0,0.0,0.0,0.0
"S5 persona-string, high top-coded",all,MG,combined,mean,40,1.196006,5.50965,True,40,0,0.0,0.0,0.0,0.0,0.0,0.0,2.0,0.0,2.0,31.0,10.0,27.0,,,,,,,,,
"S5 persona-string, high top-coded",all,MG,combined,prev10,40,-4.555611,49.271514,False,30,6,,,,,,,,,,,,,3.0,2.0,2.0,13.0,2.0,12.0,0.0,1.0,0.0
"S5 persona-string, high top-coded",all,MG,narrative,mean,40,0.678506,5.401317,True,40,0,0.0,0.0,0.0,1.0,0.0,1.0,3.0,0.0,3.0,31.0,10.0,28.0,,,,,,,,,
"S5 persona-string, high top-coded",all,MG,narrative,prev10,40,-5.978486,39.188181,False,24,11,,,,,,,,,,,,,0.0,2.0,0.0,12.0,3.0,11.0,0.0,0.0,0.0
"S5 persona-string, high top-coded",all,PS,clinical,mean,40,1.225055,7.055363,True,40,0,0.0,0.0,0.0,0.0,0.0,0.0,3.0,0.0,3.0,26.0,9.0,23.0,,,,,,,,,
"S5 persona-string, high top-coded",all,PS,clinical,prev10,40,-5.027379,72.179258,False,23,1,,,,,,,,,,,,,0.0,0.0,0.0,11.0,5.0,10.0,0.0,0.0,0.0
"S5 persona-string, high top-coded",all,PS,combined,mean,40,0.84615,6.322374,True,40,0,0.0,0.0,0.0,0.0,0.0,0.0,8.0,0.0,7.0,29.0,9.0,25.0,,,,,,,,,
"S5 persona-string, high top-coded",all,PS,combined,prev10,40,-5.040899,64.205381,False,22,4,,,,,,,,,,,,,3.0,2.0,2.0,16.0,6.0,14.0,0.0,0.0,0.0
"S5 persona-string, high top-coded",all,PS,narrative,mean,40,0.467245,5.752159,True,40,0,1.0,0.0,1.0,1.0,0.0,1.0,12.0,0.0,10.0,26.0,10.0,23.0,,,,,,,,,
"S5 persona-string, high top-coded",all,PS,narrative,prev10,40,-5.05442,56.231503,False,20,7,,,,,,,,,,,,,0.0,1.0,0.0,6.0,6.0,5.0,0.0,0.0,0.0
S6 2017-2020 pre-pandemic,all,DS,clinical,mean,40,0.910279,7.544756,True,40,0,0.0,0.0,0.0,0.0,0.0,0.0,4.0,0.0,4.0,27.0,9.0,24.0,,,,,,,,,
S6 2017-2020 pre-pandemic,all,DS,clinical,prev10,40,-7.761226,65.707336,False,30,7,,,,,,,,,,,,,0.0,0.0,0.0,4.0,0.0,4.0,0.0,0.0,0.0
S6 2017-2020 pre-pandemic,all,DS,combined,mean,40,0.532154,6.56559,True,40,0,1.0,0.0,1.0,1.0,0.0,1.0,4.0,0.0,4.0,29.0,9.0,25.0,,,,,,,,,
S6 2017-2020 pre-pandemic,all,DS,combined,prev10,40,-7.865393,52.79067,False,26,6,,,,,,,,,,,,,3.0,0.0,2.0,10.0,1.0,9.0,0.0,0.0,0.0
S6 2017-2020 pre-pandemic,all,DS,narrative,mean,40,0.154029,5.842673,False,39,0,1.0,0.0,1.0,1.0,0.0,1.0,4.0,0.0,4.0,31.0,9.0,27.0,,,,,,,,,
S6 2017-2020 pre-pandemic,all,DS,narrative,prev10,40,-7.96956,39.874003,False,25,12,,,,,,,,,,,,,0.0,0.0,0.0,5.0,2.0,4.0,0.0,0.0,0.0
S6 2017-2020 pre-pandemic,all,MG,clinical,mean,40,1.251474,7.118054,True,40,0,0.0,0.0,0.0,0.0,0.0,0.0,4.0,0.0,4.0,26.0,9.0,23.0,,,,,,,,,
S6 2017-2020 pre-pandemic,all,MG,clinical,prev10,40,-8.780012,65.584216,False,32,7,,,,,,,,,,,,,0.0,0.0,0.0,3.0,0.0,3.0,0.0,0.0,0.0
S6 2017-2020 pre-pandemic,all,MG,combined,mean,40,0.733974,6.308054,True,40,0,0.0,0.0,0.0,1.0,0.0,1.0,4.0,0.0,4.0,31.0,9.0,27.0,,,,,,,,,
S6 2017-2020 pre-pandemic,all,MG,combined,prev10,40,-9.113345,55.500882,False,27,6,,,,,,,,,,,,,4.0,0.0,3.0,9.0,1.0,8.0,0.0,0.0,0.0
S6 2017-2020 pre-pandemic,all,MG,narrative,mean,40,0.216474,5.498054,True,40,0,1.0,0.0,1.0,2.0,0.0,2.0,4.0,0.0,4.0,33.0,9.0,29.0,,,,,,,,,
S6 2017-2020 pre-pandemic,all,MG,narrative,prev10,40,-9.446678,45.417549,False,24,11,,,,,,,,,,,,,0.0,0.0,0.0,9.0,2.0,8.0,0.0,0.0,0.0
S6 2017-2020 pre-pandemic,all,PS,clinical,mean,40,0.835956,7.746614,True,40,0,0.0,0.0,0.0,0.0,0.0,0.0,7.0,0.0,7.0,31.0,9.0,27.0,,,,,,,,,
S6 2017-2020 pre-pandemic,all,PS,clinical,prev10,40,-9.088317,74.893662,False,24,6,,,,,,,,,,,,,0.0,0.0,0.0,8.0,2.0,7.0,0.0,0.0,0.0
S6 2017-2020 pre-pandemic,all,PS,combined,mean,40,0.481711,7.045007,True,40,0,1.0,0.0,1.0,1.0,0.0,1.0,9.0,0.0,8.0,31.0,9.0,27.0,,,,,,,,,
S6 2017-2020 pre-pandemic,all,PS,combined,prev10,40,-9.099322,66.193809,False,23,9,,,,,,,,,,,,,1.0,1.0,1.0,10.0,4.0,9.0,0.0,0.0,0.0
S6 2017-2020 pre-pandemic,all,PS,narrative,mean,40,0.127466,6.3434,False,39,0,1.0,0.0,1.0,3.0,0.0,3.0,12.0,0.0,10.0,33.0,9.0,29.0,,,,,,,,,
S6 2017-2020 pre-pandemic,all,PS,narrative,prev10,40,-9.110327,57.493955,False,20,12,,,,,,,,,,,,,0.0,2.0,0.0,5.0,5.0,5.0,0.0,0.0,0.0
S7 2021-2023,all,DS,clinical,mean,40,-0.16278,6.650426,False,37,0,2.0,0.0,2.0,4.0,0.0,4.0,8.0,1.0,7.0,35.0,9.0,31.0,,,,,,,,,
S7 2021-2023,all,DS,clinical,prev10,40,-13.133581,57.708438,False,21,8,,,,,,,,,,,,,0.0,0.0,0.0,6.0,0.0,4.0,0.0,0.0,0.0
S7 2021-2023,all,DS,combined,mean,40,-0.540905,5.67126,False,36,1,3.0,0.0,3.0,4.0,0.0,4.0,9.0,1.0,8.0,37.0,9.0,33.0,,,,,,,,,
S7 2021-2023,all,DS,combined,prev10,40,-13.237748,44.791771,False,20,14,,,,,,,,,,,,,0.0,0.0,0.0,3.0,1.0,2.0,0.0,0.0,0.0
S7 2021-2023,all,DS,narrative,mean,40,-0.91903,4.948343,False,36,1,3.0,0.0,3.0,3.0,0.0,3.0,15.0,1.0,13.0,37.0,10.0,33.0,,,,,,,,,
S7 2021-2023,all,DS,narrative,prev10,40,-13.341915,31.875104,False,16,14,,,,,,,,,,,,,0.0,1.0,0.0,4.0,3.0,3.0,0.0,0.0,0.0
S7 2021-2023,all,MG,clinical,mean,40,0.450412,6.208804,True,40,0,3.0,0.0,3.0,3.0,0.0,3.0,5.0,0.0,5.0,39.0,10.0,35.0,,,,,,,,,
S7 2021-2023,all,MG,clinical,prev10,40,-13.727555,58.781176,False,24,7,,,,,,,,,,,,,1.0,0.0,0.0,8.0,0.0,7.0,1.0,0.0,0.0
S7 2021-2023,all,MG,combined,mean,40,-0.042471,5.398804,False,37,0,4.0,0.0,4.0,4.0,0.0,4.0,8.0,0.0,8.0,39.0,10.0,35.0,,,,,,,,,
S7 2021-2023,all,MG,combined,prev10,40,-14.060888,48.697842,False,21,12,,,,,,,,,,,,,0.0,0.0,0.0,9.0,1.0,8.0,1.0,0.0,1.0
S7 2021-2023,all,MG,narrative,mean,40,-0.559971,4.588804,False,36,1,4.0,0.0,4.0,4.0,0.0,4.0,11.0,1.0,10.0,40.0,10.0,36.0,,,,,,,,,
S7 2021-2023,all,MG,narrative,prev10,40,-14.394221,38.614509,False,19,15,,,,,,,,,,,,,0.0,0.0,0.0,3.0,2.0,3.0,0.0,0.0,0.0
S7 2021-2023,all,PS,clinical,mean,40,0.025942,6.971359,False,39,0,2.0,0.0,2.0,4.0,0.0,4.0,11.0,0.0,10.0,38.0,9.0,34.0,,,,,,,,,
S7 2021-2023,all,PS,clinical,prev10,40,-14.218379,69.423505,False,15,12,,,,,,,,,,,,,1.0,2.0,0.0,5.0,3.0,3.0,1.0,2.0,0.0
S7 2021-2023,all,PS,combined,mean,40,-0.325667,6.265983,False,36,1,6.0,0.0,6.0,6.0,0.0,6.0,15.0,1.0,13.0,38.0,9.0,34.0,,,,,,,,,
S7 2021-2023,all,PS,combined,prev10,40,-14.230175,60.982617,False,13,15,,,,,,,,,,,,,1.0,1.0,0.0,8.0,4.0,6.0,2.0,2.0,1.0
S7 2021-2023,all,PS,narrative,mean,40,-0.677277,5.560607,False,34,1,5.0,0.0,5.0,9.0,0.0,8.0,15.0,1.0,13.0,38.0,10.0,34.0,,,,,,,,,
S7 2021-2023,all,PS,narrative,prev10,40,-14.241971,52.541729,False,7,15,,,,,,,,,,,,,0.0,1.0,0.0,8.0,4.0,6.0,0.0,1.0,0.0
S7 2021-2023,dec_only,DS,clinical,mean,40,-0.205865,6.650426,False,37,0,2.0,0.0,2.0,4.0,0.0,4.0,7.0,1.0,6.0,36.0,9.0,32.0,,,,,,,,,
S7 2021-2023,dec_only,DS,clinical,prev10,40,-13.133581,57.708438,False,21,8,,,,,,,,,,,,,0.0,0.0,0.0,5.0,0.0,4.0,0.0,0.0,0.0
S7 2021-2023,dec_only,DS,combined,mean,40,-0.527294,5.67126,False,36,1,3.0,0.0,3.0,4.0,0.0,4.0,8.0,1.0,7.0,37.0,9.0,33.0,,,,,,,,,
S7 2021-2023,dec_only,DS,combined,prev10,40,-13.237748,44.791771,False,19,14,,,,,,,,,,,,,0.0,0.0,0.0,2.0,1.0,2.0,0.0,0.0,0.0
S7 2021-2023,dec_only,DS,narrative,mean,40,-0.91903,4.948343,False,36,1,3.0,0.0,3.0,3.0,0.0,3.0,15.0,1.0,13.0,37.0,10.0,33.0,,,,,,,,,
S7 2021-2023,dec_only,DS,narrative,prev10,40,-13.341915,31.875104,False,16,14,,,,,,,,,,,,,0.0,1.0,0.0,4.0,3.0,3.0,0.0,0.0,0.0
S7 2021-2023,dec_only,MG,clinical,mean,40,-0.05316,6.208804,False,38,0,3.0,0.0,3.0,3.0,0.0,3.0,5.0,0.0,5.0,39.0,10.0,35.0,,,,,,,,,
S7 2021-2023,dec_only,MG,clinical,prev10,40,-13.727555,58.781176,False,23,7,,,,,,,,,,,,,0.0,0.0,0.0,7.0,0.0,6.0,1.0,0.0,0.0
S7 2021-2023,dec_only,MG,combined,mean,40,-0.337828,5.398804,False,37,2,4.0,0.0,4.0,4.0,0.0,4.0,8.0,0.0,7.0,39.0,10.0,35.0,,,,,,,,,
S7 2021-2023,dec_only,MG,combined,prev10,40,-14.060888,48.697842,False,21,12,,,,,,,,,,,,,1.0,0.0,1.0,8.0,1.0,7.0,1.0,0.0,1.0
S7 2021-2023,dec_only,MG,narrative,mean,40,-0.559971,4.588804,False,36,1,4.0,0.0,4.0,4.0,0.0,4.0,11.0,1.0,10.0,40.0,10.0,36.0,,,,,,,,,
S7 2021-2023,dec_only,MG,narrative,prev10,40,-14.394221,38.614509,False,19,15,,,,,,,,,,,,,0.0,0.0,0.0,3.0,2.0,3.0,0.0,0.0,0.0
S7 2021-2023,dec_only,PS,clinical,mean,40,0.031198,6.971359,False,39,0,2.0,0.0,2.0,4.0,0.0,4.0,9.0,0.0,8.0,38.0,9.0,34.0,,,,,,,,,
S7 2021-2023,dec_only,PS,clinical,prev10,40,-14.218379,69.423505,False,17,12,,,,,,,,,,,,,0.0,1.0,0.0,4.0,3.0,3.0,0.0,1.0,0.0
S7 2021-2023,dec_only,PS,combined,mean,40,-0.308584,6.265983,False,36,1,6.0,0.0,6.0,6.0,0.0,6.0,14.0,1.0,12.0,38.0,9.0,34.0,,,,,,,,,
S7 2021-2023,dec_only,PS,combined,prev10,40,-14.230175,60.982617,False,15,15,,,,,,,,,,,,,0.0,2.0,0.0,8.0,4.0,6.0,2.0,1.0,1.0
S7 2021-2023,dec_only,PS,narrative,mean,40,-0.677277,5.560607,False,34,1,5.0,0.0,5.0,9.0,0.0,8.0,15.0,1.0,13.0,38.0,10.0,34.0,,,,,,,,,
S7 2021-2023,dec_only,PS,narrative,prev10,40,-14.241971,52.541729,False,7,15,,,,,,,,,,,,,0.0,1.0,0.0,8.0,4.0,6.0,0.0,1.0,0.0
