condition,dose,unit,n,R1,R1_lo95,R1_hi95,R2,R2_lo95,R2_hi95,R3,R3_lo95,R3_hi95,ev_ratio_mean,load_min_mean,phi_mean,phi_lo90_mean,between_share_mean,within_ev_ratio_mean,passed,passed_lo95,passed_hi95
L4 decorrelate,0.25,clinical,200,1.0,0.9811539940816791,1.0,1.0,0.9811539940816791,1.0,1.0,0.9811539940816791,1.0,5.684400341529995,0.6176839696769298,0.9993588944898408,0.9980933398492681,0.08902441480227065,3.4569532451902685,,,
L4 decorrelate,0.25,model,200,1.0,0.9811539940816791,1.0,1.0,0.9811539940816791,1.0,1.0,0.9811539940816791,1.0,,,,,,,1.0,0.9811539940816791,1.0
L4 decorrelate,0.25,narrative,200,1.0,0.9811539940816791,1.0,1.0,0.9811539940816791,1.0,1.0,0.9811539940816791,1.0,5.657860778461879,0.6175806695602141,0.9993584017585693,0.9980792099400589,0.0886041008311168,3.4576537667547225,,,
L4 decorrelate,0.5,clinical,200,1.0,0.9811539940816791,1.0,1.0,0.9811539940816791,1.0,0.0,0.0,0.018846005918320894,4.1259439961763125,0.5227082636733412,0.9988165499124473,0.996509749616648,0.09800714076579642,2.547484901163195,,,
L4 decorrelate,0.5,model,200,1.0,0.9811539940816791,1.0,1.0,0.9811539940816791,1.0,0.0,0.0,0.018846005918320894,,,,,,,0.0,0.0,0.018846005918320894
L4 decorrelate,0.5,narrative,200,1.0,0.9811539940816791,1.0,1.0,0.9811539940816791,1.0,0.0,0.0,0.018846005918320894,4.134270279555185,0.5234312635365529,0.9988219671546236,0.9965368368065316,0.098263460910172,2.562886519471772,,,
L4 decorrelate,0.75,clinical,200,0.075,0.045974507057252416,0.12004459797332034,1.0,0.9811539940816791,1.0,0.0,0.0,0.018846005918320894,2.7518461918139483,0.3984207372644639,0.9971285270510972,0.9912253285487725,0.10410381080913421,1.705768851816582,,,
L4 decorrelate,0.75,model,200,0.015,0.005114145184492387,0.043166480556278884,1.0,0.9811539940816791,1.0,0.0,0.0,0.018846005918320894,,,,,,,0.0,0.0,0.018846005918320894
L4 decorrelate,0.75,narrative,200,0.085,0.05374529946985246,0.13189688544235392,1.0,0.9811539940816791,1.0,0.0,0.0,0.018846005918320894,2.776953543283515,0.4014459852264343,0.9974129596700582,0.9917389148341027,0.10420364282448029,1.7196075418660868,,,
L4 decorrelate,1.0,clinical,200,0.0,0.0,0.018846005918320894,0.2,0.15045120743928825,0.26085639611170436,0.0,0.0,0.018846005918320894,1.5014144410709782,0.1951091821195375,0.9816401863234904,0.9279716550349962,0.10601206841116703,1.0262596515798907,,,
L4 decorrelate,1.0,model,200,0.0,0.0,0.018846005918320894,0.085,0.05374529946985246,0.13189688544235392,0.0,0.0,0.018846005918320894,,,,,,,0.0,0.0,0.018846005918320894
L4 decorrelate,1.0,narrative,200,0.0,0.0,0.018846005918320894,0.245,0.19056777914685893,0.3090436838714848,0.0,0.0,0.018846005918320894,1.5106176881299627,0.19936792241677226,0.9820310158774356,0.9258244259468128,0.10600042263784257,1.0254883630129217,,,
null,0.0,clinical,200,1.0,0.9811539940816791,1.0,1.0,0.9811539940816791,1.0,1.0,0.9811539940816791,1.0,7.558530894162224,0.695940832592903,0.9994739868315888,0.9985872136631113,0.0759676828843668,4.444661654083791,,,
null,0.0,model,200,1.0,0.9811539940816791,1.0,1.0,0.9811539940816791,1.0,1.0,0.9811539940816791,1.0,,,,,,,1.0,0.9811539940816791,1.0
null,0.0,narrative,200,1.0,0.9811539940816791,1.0,1.0,0.9811539940816791,1.0,1.0,0.9811539940816791,1.0,7.5338626501636075,0.6964642816647216,0.99947430902338,0.9986013397109703,0.07544175364707849,4.450163162635925,,,
reference half,0.0,reference,200,1.0,0.9811539940816791,1.0,,,,1.0,0.9811539940816791,1.0,,,,,0.03678941390205386,4.2524210380499134,,,
