scope,unit,n,bias,sd_resid,mean_se,coverage90
per model,Asian,800,0.004802219698196345,0.19149747852371227,0.15677228738912602,0.8275
per model,Black,800,-0.006987055971103716,0.20378280716504119,0.19866139789270082,0.8925
per model,High,800,-0.00236300604395395,0.18445769964683925,0.17665018639900612,0.8875
per model,Hispanic,800,0.018858102399234782,0.19719851764029347,0.17919371843441415,0.855
per model,Low,800,0.02196893676657628,0.2439090776180313,0.22684782115283186,0.86375
per model,Men,800,0.004959567462838586,0.1610569353287444,0.1512480341909227,0.88625
per model,Middle,800,-0.010745977039345125,0.2005154327093148,0.19305004673792134,0.875
per model,Overall,800,-0.0004557790436318146,0.12052121124012148,0.1152682943998472,0.88625
per model,White,800,-0.0033284709502188507,0.16311729564406682,0.15513503433096196,0.8725
per model,Women,800,-0.005573034283845191,0.17596729817983903,0.16893349330368015,0.88375
pooled,Asian,200,0.0048022196981963436,0.16103073175707072,0.1149482440178022,0.78
pooled,Black,200,-0.006987055971103746,0.13291515267766027,0.12650201132542607,0.885
pooled,High,200,-0.0023630060439539594,0.11270399604344014,0.10114589959812982,0.86
pooled,Hispanic,200,0.018858102399234782,0.13765335342454388,0.11442468047126753,0.855
pooled,Low,200,0.021968936766576307,0.16524832160433234,0.14186359379668775,0.82
pooled,Men,200,0.0049595674628385746,0.1091045410889318,0.08947209190614978,0.84
pooled,Middle,200,-0.01074597703934509,0.12875949241279327,0.11456554755130695,0.87
pooled,Overall,200,-0.00045577904363182083,0.07670698031791721,0.06919935032114778,0.86
pooled,White,200,-0.003328470950218858,0.10347047490175916,0.09181621881399979,0.86
pooled,Women,200,-0.005573034283845147,0.10859129095047257,0.09942769801101882,0.88
