framing,sd_group,dist_bin,n_cells,band_flip_pct,threshold_cross_pct,mean_within_sd
clinical,all,0-0.5,105,49.4122,30.2025,1.7099
clinical,all,0.5-1,101,41.7617,28.5900,1.6860
clinical,all,1-1.5,102,31.7435,19.7759,1.5220
clinical,all,1.5-2,94,23.8958,12.0910,1.5836
clinical,all,2-2.5,78,25.6734,13.7401,1.7517
clinical,low SD,0-0.5,21,41.1056,2.0690,0.8026
clinical,low SD,0.5-1,25,24.0276,15.4299,0.8675
clinical,low SD,1-1.5,40,16.5435,10.9975,0.9121
clinical,low SD,1.5-2,37,8.6486,3.7279,1.0284
clinical,low SD,2-2.5,21,5.8128,1.8391,1.1739
clinical,mid SD,0-0.5,36,50.3065,42.9246,1.5970
clinical,mid SD,0.5-1,34,44.0027,29.3780,1.6083
clinical,mid SD,1-1.5,32,34.9713,20.6106,1.6201
clinical,mid SD,1.5-2,28,22.7011,9.9179,1.5720
clinical,mid SD,2-2.5,28,21.6749,13.6371,1.6440
clinical,high SD,0-0.5,48,52.3755,32.9693,2.1915
clinical,high SD,0.5-1,42,50.5036,35.7854,2.2361
clinical,high SD,1-1.5,30,48.5670,30.5900,2.2305
clinical,high SD,1.5-2,29,44.5026,24.8593,2.3030
clinical,high SD,2-2.5,29,43.9160,22.4574,2.2740
narrative,all,0-0.5,103,49.3427,31.5411,1.7189
narrative,all,0.5-1,96,40.4071,25.7807,1.5035
narrative,all,1-1.5,104,26.1428,15.9637,1.4040
narrative,all,1.5-2,105,22.1522,10.6404,1.4848
narrative,all,2-2.5,68,21.0514,10.7302,1.6423
narrative,low SD,0-0.5,19,42.4682,9.4374,0.9789
narrative,low SD,0.5-1,37,30.0280,16.9556,1.0363
narrative,low SD,1-1.5,52,13.6340,5.9195,0.9479
narrative,low SD,1.5-2,41,9.2290,3.1063,1.0149
narrative,low SD,2-2.5,24,6.4655,1.3697,1.1330
narrative,mid SD,0-0.5,40,50.0230,39.6379,1.6100
narrative,mid SD,0.5-1,34,44.4963,27.3360,1.6041
narrative,mid SD,1-1.5,25,31.9632,22.9885,1.5859
narrative,mid SD,1.5-2,40,23.3218,11.4655,1.5699
narrative,mid SD,2-2.5,23,17.2314,8.8556,1.6066
narrative,high SD,0-0.5,44,51.6928,33.7252,2.1374
narrative,high SD,0.5-1,25,50.2069,36.7264,2.0581
narrative,high SD,1-1.5,27,44.8446,28.8037,2.1140
narrative,high SD,1.5-2,24,42.2797,22.1360,2.1458
narrative,high SD,2-2.5,21,41.9048,23.4811,2.2634
both,all,0-0.5,208,49.3778,30.8654,1.7143
both,all,0.5-1,197,41.1016,27.2210,1.5971
both,all,1-1.5,206,28.9159,17.8513,1.4624
both,all,1.5-2,199,22.9758,11.3256,1.5315
both,all,2-2.5,146,23.5207,12.3382,1.7007
both,low SD,0-0.5,40,41.7529,5.5690,0.8864
both,low SD,0.5-1,62,27.6085,16.3404,0.9682
both,low SD,1-1.5,92,14.8990,8.1274,0.9323
both,low SD,1.5-2,78,8.9537,3.4011,1.0213
both,low SD,2-2.5,45,6.1609,1.5888,1.1521
both,mid SD,0-0.5,76,50.1573,41.1948,1.6039
both,mid SD,0.5-1,68,44.2495,28.3570,1.6062
both,mid SD,1-1.5,57,33.6519,21.6536,1.6051
both,mid SD,1.5-2,68,23.0663,10.8283,1.5708
both,mid SD,2-2.5,51,19.6709,11.4807,1.6271
both,high SD,0-0.5,92,52.0490,33.3308,2.1656
both,high SD,0.5-1,67,50.3929,36.1366,2.1697
both,high SD,1-1.5,57,46.8038,29.7439,2.1753
both,high SD,1.5-2,53,43.4960,23.6261,2.2318
both,high SD,2-2.5,50,43.0713,22.8874,2.2696
