total,most_regular_vector,lzstar
0,0-0-0-0-0-0-0-0,-0.054516914017851144
1,0-0-0-1-0-0-0-0,1.0232259444537122
2,0-0-1-1-0-0-0-0,1.2337641189111517
3,0-1-1-1-0-0-0-0,1.5218857559117691
4,1-1-1-1-0-0-0-0,1.7814570318293992
5,1-1-1-1-0-1-0-0,1.8440007015629585
6,1-1-1-1-1-1-0-0,2.013296981638328
7,1-1-1-1-1-1-1-0,2.0742287975955125
8,1-1-1-2-1-1-1-0,1.9598191268026564
9,1-1-1-3-1-1-1-0,2.1932990594736648
10,1-1-3-2-1-1-1-0,2.000189704074428
11,1-1-3-3-1-1-1-0,2.353971607511599
12,1-2-3-3-1-1-1-0,2.224473737941859
13,1-2-3-3-1-1-1-1,2.1180394875324784
14,2-2-3-3-1-1-1-1,2.0180072440115175
15,3-2-3-3-1-1-1-1,1.983378785365337
16,3-3-3-3-1-1-1-1,1.923012769157592
17,3-2-3-3-3-1-1-1,1.9083428380200882
18,3-3-3-3-3-1-1-1,1.855388146316649
19,3-3-3-3-3-2-1-1,1.652467383304151
20,3-3-3-3-3-3-1-1,1.5149252412001015
21,3-3-3-3-3-2-3-1,1.4679858894410265
22,3-3-3-3-3-3-3-1,1.3194740262492548
23,3-3-3-3-3-3-3-2,0.8840193950743339
24,3-3-3-3-3-3-3-3,-0.020659136848168762
