scale,group,n,misfit_ratio,misfit_ci90_lo,misfit_ci90_hi,overfit_ratio,overfit_ci90_lo,overfit_ci90_hi,point_departure,resolved_departure
Extraversion,sex=1,1014,1.0088757396449703,0.8146135257105619,1.12594171591242,1.1128205128205135,0.9182769582344699,1.228337184390742,1.1128205128205135,1.0
Extraversion,sex=2,1044,0.9913793103448276,0.8779861533639397,1.1800872182057327,0.8904214559386987,0.7791687419024825,1.0786317839861865,1.1230636833046455,1.0
Extraversion,age=1,388,0.7036082474226805,0.4797876726448154,1.096299493311999,0.8802405498281791,0.572661525065372,1.183632738838122,1.421245421245421,1.0
Extraversion,age=2,735,1.1482993197278912,0.9261109603430865,1.3537949618609775,1.1254875283446726,0.9077259198071258,1.3092300401051786,1.1482993197278912,1.0
Extraversion,age=3,658,1.0683890577507598,0.8088506083674931,1.2723438600280321,0.9217325227963536,0.7490444912971483,1.1339942626609303,1.0849134377576244,1.0
Extraversion,age=4,277,0.8592057761732852,0.4818984894803093,1.2310735322059663,1.0206979542719619,0.6700192942017075,1.452400645865763,1.1638655462184875,1.0
Extraversion,race=1,1361,0.94121969140338,0.8059898338751947,1.0509858610911194,1.0521185402890043,0.9703157599604,1.181017290277841,1.0624512099921934,1.0
Extraversion,race=2,251,1.203187250996016,0.7713112600183945,1.6818344155844158,0.8826029216467474,0.47229635907827594,1.218624346024347,1.203187250996016,1.0
Extraversion,race=3,140,0.8285714285714285,0.36501878104931534,1.437022602144306,1.1571428571428577,0.5514295977011495,1.7460333333333347,1.2068965517241381,1.0
Extraversion,race=4,194,0.8195876288659795,0.40000000000000013,1.340281303424338,0.891752577319588,0.4685798978326154,1.34624306106265,1.220125786163522,1.0
Extraversion,race=5,112,1.7857142857142856,0.9801530368244858,2.7119301011693597,0.6208333333333333,0.16256274729817524,0.9925099342603391,1.7857142857142856,1.0075465901963419
Agreeableness,sex=1,1014,1.02465483234714,0.8196222969400343,1.1544746478360757,1.1716551610782384,0.9987704693517697,1.2981010128078774,1.1716551610782384,1.0
Agreeableness,sex=2,1044,0.9760536398467432,0.8472660580685745,1.1755715343870976,0.8332774584929762,0.7111100594450647,1.0011795711293834,1.200080465165288,1.0
Agreeableness,age=1,388,1.2963917525773194,0.9514519774456223,1.6752232206631184,0.845747422680413,0.5580359128563817,1.1476377761015852,1.2963917525773194,1.0
Agreeableness,age=2,735,0.9850340136054422,0.7780781269272089,1.199032848598003,0.9889455782312929,0.7952182460995385,1.1888014799408257,1.0151933701657458,1.0
Agreeableness,age=3,658,0.9498480243161095,0.7090889895577397,1.16372404277337,1.1691616008105379,0.9187064651965828,1.3651674319386269,1.1691616008105379,1.0
Agreeableness,age=4,277,0.7436823104693141,0.4584948979591837,1.1263510848447706,0.8435619735258729,0.5671721938559867,1.2755458837940252,1.3446601941747574,1.0
Agreeableness,race=1,1361,0.8567229977957384,0.7437991074798533,0.9726078969909432,1.1372826353171692,1.0289639657147405,1.232349666932536,1.1672384219554033,1.0289639657147405
Agreeableness,race=2,251,1.2788844621513944,0.8181263858093126,1.7695993706124424,0.5284196547144762,0.3048341463414645,0.8943459362327288,1.892435285247547,1.1181355664367636
Agreeableness,race=3,140,1.364285714285714,0.7851851851851852,2.1194478734148805,0.9491071428571436,0.4267701768207284,1.477170947543288,1.364285714285714,1.0
Agreeableness,race=4,194,1.0824742268041236,0.6349895264116576,1.6214070351758787,0.8724226804123711,0.38680937279774485,1.3146192279439712,1.1462333825701625,1.0
Agreeableness,race=5,112,1.5178571428571432,0.6747303799568608,2.1903797468354425,0.673214285714286,0.2100343773873186,1.2552894166516162,1.5178571428571432,1.0
Conscientiousness,sex=1,1014,1.0529257067718607,0.9084712755598832,1.2240024139778878,1.0328433611275645,0.8905412714351042,1.1756764349580797,1.0529257067718607,1.0
Conscientiousness,sex=2,1044,0.9485951468710089,0.7822741893654914,1.0887622903758658,0.9681004136174811,0.8291783064065237,1.107290668417025,1.0541905082463818,1.0
Conscientiousness,age=1,388,0.9999999999999999,0.6502088804010502,1.2592083866596402,0.7644884103141432,0.5183331437631926,1.090639814006913,1.3080643035374213,1.0
Conscientiousness,age=2,735,0.8961451247165533,0.7101020149413853,1.112666307591309,1.1902271930005577,0.9787940680433379,1.3609917425470615,1.1902271930005577,1.0
Conscientiousness,age=3,658,1.0790273556231003,0.858287016869528,1.299536326646866,0.9557295908488822,0.7681434266486258,1.1579590035805813,1.0790273556231003,1.0
Conscientiousness,age=4,277,1.0878459687123947,0.7807231291378858,1.5315056526207602,0.9302940042026677,0.6257874610930032,1.276156323185012,1.0878459687123947,1.0
Conscientiousness,race=1,1361,0.946852804310556,0.8207471960500287,1.0364483373146138,0.9821121981770085,0.9025787938504335,1.1124281424832938,1.0561303673047078,1.0
Conscientiousness,race=2,251,1.51527224435591,1.070395625,2.033229677572898,0.8026204585097432,0.4435050576962296,1.0986293528034503,1.51527224435591,1.070395625
Conscientiousness,race=3,140,0.757142857142857,0.42366071428571433,1.4391252105558678,1.1534493716596856,0.5759617648881463,1.7198992011370748,1.3207547169811322,1.0
Conscientiousness,race=4,194,1.0,0.5791831766503509,1.5655232903330276,1.1706425317669626,0.7000051207743516,1.6717341712885396,1.1706425317669626,1.0
Conscientiousness,race=5,112,0.7946428571428572,0.25470043032108575,1.3757805530776093,1.1723214285714294,0.46343066786463216,1.7115314245604103,1.2584269662921348,1.0
Neuroticism,sex=1,1014,0.9895463510848126,0.8138682494080547,1.1274328126676074,0.7583826429980282,0.6237709199631409,0.9284658012026134,1.3185955786736012,1.0770455936069272
Neuroticism,sex=2,1044,1.010153256704981,0.8765356970528704,1.1794953464688789,1.234674329501917,1.0689613421917905,1.3691366599799404,1.234674329501917,1.0689613421917905
Neuroticism,age=1,388,0.9407216494845361,0.6595072412342953,1.3039419404125285,0.7858676975945024,0.5032037697798991,1.0717061757496635,1.272478819349548,1.0
Neuroticism,age=2,735,1.322721088435374,1.025284620505992,1.4591826268853496,0.9361678004535159,0.7397791933605409,1.1529477087982296,1.322721088435374,1.025284620505992
Neuroticism,age=3,658,0.7948328267477203,0.6033785939306936,1.0603445361363393,1.1835106382978726,0.9636198050385116,1.4249480445470384,1.2581261950286808,1.0
Neuroticism,age=4,277,0.7140794223826715,0.43443694236797686,1.1636471130221129,1.033393501805055,0.6294838882203504,1.4326704623878537,1.4004044489383214,1.0
Neuroticism,race=1,1361,0.8548126377663482,0.7551116756684143,0.9923371475491549,1.1872397746754846,1.0574131862117875,1.2670085308168952,1.1872397746754846,1.0574131862117875
Neuroticism,race=2,251,1.5689243027888446,1.0537199515460385,2.084834601793966,0.6819389110225769,0.3359647058823538,1.0319078590785915,1.5689243027888446,1.0537199515460385
Neuroticism,race=3,140,1.227142857142857,0.6082869886019493,1.8804612468791573,1.0035714285714292,0.5060139218648829,1.7800361707258285,1.227142857142857,1.0
Neuroticism,race=4,194,1.2371134020618557,0.5617040630685264,1.6650343642611682,0.3634020618556712,0.13512526277889453,0.8824151882975431,2.7517730496453816,1.1332533860045124
Neuroticism,race=5,112,0.7946428571428572,0.3538270454898308,1.685300925925926,0.5357142857142857,0.011960441470336244,0.9564944314944315,1.8666666666666667,1.0454843928757591
Openness,sex=1,1014,1.0187376725838264,0.8304975679975324,1.156780450275348,0.9839469647161959,0.8401741523298779,1.1517843115675699,1.0187376725838264,1.0
Openness,sex=2,1044,0.9818007662835249,0.8491056321796118,1.1634574660399772,1.0155917411664548,0.8544191200616105,1.1565545399689396,1.0185365853658537,1.0
Openness,age=1,388,0.9201030927835052,0.6558432759652273,1.3084662645218943,1.2938144329896923,0.8752672905854815,1.534676283621305,1.2938144329896923,1.0
Openness,age=2,735,1.0666666666666667,0.8110078881511569,1.2393132564030396,0.8256235827664402,0.6877789767196588,1.098400075020765,1.2112057127162863,1.0
Openness,age=3,658,1.047112462006079,0.7928115571630238,1.2866334844281193,0.8698074974670723,0.6738327998863796,1.0986526142600916,1.1496796738497375,1.0
Openness,age=4,277,0.8231046931407943,0.5072288855572215,1.2374094582460342,1.360409145607702,0.8923517771804064,1.7676880959819106,1.360409145607702,1.0
Openness,race=1,1361,0.8317413666421749,0.716409678434577,0.9680192169653978,0.9723242713690919,0.8762712175283985,1.0989331296546254,1.2022968197879857,1.033037343137523
Openness,race=2,251,1.792828685258964,1.2712419260129182,2.3401106969388907,0.8160690571049141,0.46635166205949474,1.1820333333333333,1.792828685258964,1.2712419260129182
Openness,race=3,140,1.2857142857142856,0.6488340887404581,1.9470575221238935,0.8071428571428574,0.3258268127282212,1.3986484976211004,1.2857142857142856,1.0
Openness,race=4,194,0.7989690721649486,0.4081277728482697,1.3492323705438463,1.5312142038946177,0.9162540688853106,1.971946195880624,1.5312142038946177,1.0
Openness,race=5,112,1.2589285714285716,0.43956043956043955,1.8368882504458093,1.069444444444446,0.4205408631772269,1.788581445523194,1.2589285714285716,1.0
