type,unit,n,resid_mean,se_mean,pass_2pt
COMPRESSED,Asian,276,-0.0037,0.1569,1.0000
COMPRESSED,Black,276,-0.0039,0.1982,1.0000
COMPRESSED,High,276,-0.0216,0.1759,1.0000
COMPRESSED,Hispanic,276,0.0140,0.1802,1.0000
COMPRESSED,Low,276,-0.0034,0.2267,1.0000
COMPRESSED,Men,276,-0.0049,0.1515,1.0000
COMPRESSED,Middle,276,-0.0101,0.1924,1.0000
COMPRESSED,Overall,276,-0.0138,0.1148,1.0000
COMPRESSED,White,276,-0.0211,0.1545,1.0000
COMPRESSED,Women,276,-0.0221,0.1676,1.0000
NONINVARIANT,Asian,276,-0.0047,0.1542,1.0000
NONINVARIANT,Black,276,-0.0013,0.1760,1.0000
NONINVARIANT,High,276,-0.0216,0.1759,1.0000
NONINVARIANT,Hispanic,276,0.0181,0.1613,1.0000
NONINVARIANT,Low,276,0.0087,0.1732,1.0000
NONINVARIANT,Men,276,-0.0025,0.1477,1.0000
NONINVARIANT,Middle,276,-0.0101,0.1924,1.0000
NONINVARIANT,Overall,276,-0.0113,0.1109,1.0000
NONINVARIANT,White,276,-0.0188,0.1501,1.0000
NONINVARIANT,Women,276,-0.0196,0.1605,1.0000
ORACLE-INDEP,Asian,276,0.0020,0.1190,1.0000
ORACLE-INDEP,Black,276,-0.0195,0.1297,1.0000
ORACLE-INDEP,High,276,-0.0074,0.1101,1.0000
ORACLE-INDEP,Hispanic,276,0.0223,0.1175,1.0000
ORACLE-INDEP,Low,276,0.0092,0.1419,1.0000
ORACLE-INDEP,Men,276,-0.0003,0.0954,1.0000
ORACLE-INDEP,Middle,276,-0.0064,0.1185,1.0000
ORACLE-INDEP,Overall,276,-0.0037,0.0725,1.0000
ORACLE-INDEP,White,276,-0.0064,0.0966,1.0000
ORACLE-INDEP,Women,276,-0.0068,0.1034,1.0000
REAL,Asian,276,-0.0037,0.1569,1.0000
REAL,Black,276,-0.0039,0.1982,1.0000
REAL,High,276,-0.0216,0.1759,1.0000
REAL,Hispanic,276,0.0140,0.1802,1.0000
REAL,Low,276,-0.0034,0.2267,1.0000
REAL,Men,276,-0.0049,0.1515,1.0000
REAL,Middle,276,-0.0101,0.1924,1.0000
REAL,Overall,276,-0.0138,0.1148,1.0000
REAL,White,276,-0.0211,0.1545,1.0000
REAL,Women,276,-0.0221,0.1676,1.0000
SHIFTED-2.1,Asian,276,2.0921,0.2215,0.0543
SHIFTED-2.1,Black,276,2.1126,0.2545,0.0145
SHIFTED-2.1,High,276,2.0948,0.2970,0.0399
SHIFTED-2.1,Hispanic,276,2.1254,0.2396,0.0145
SHIFTED-2.1,Low,276,2.1281,0.2720,0.0109
SHIFTED-2.1,Men,276,2.1165,0.2430,0.0217
SHIFTED-2.1,Middle,276,2.1219,0.2696,0.0362
SHIFTED-2.1,Overall,276,2.1112,0.1727,0.0181
SHIFTED-2.1,White,276,2.1099,0.2355,0.0254
SHIFTED-2.1,Women,276,2.1062,0.2425,0.0181
SHIFTED-4.7,Asian,276,4.7090,0.2610,0.0000
SHIFTED-4.7,Black,276,4.6984,0.2957,0.0000
SHIFTED-4.7,High,276,4.7220,0.3882,0.0000
SHIFTED-4.7,Hispanic,276,4.7077,0.2838,0.0000
SHIFTED-4.7,Low,276,4.6898,0.3040,0.0000
SHIFTED-4.7,Men,276,4.7127,0.3083,0.0000
SHIFTED-4.7,Middle,276,4.6895,0.3234,0.0000
SHIFTED-4.7,Overall,276,4.7040,0.2164,0.0000
SHIFTED-4.7,White,276,4.7038,0.2965,0.0000
SHIFTED-4.7,Women,276,4.6958,0.3017,0.0000
STEEPENED-2x,Asian,276,0.2455,0.1634,1.0000
STEEPENED-2x,Black,276,0.4118,0.2126,1.0000
STEEPENED-2x,High,276,-0.0216,0.1759,1.0000
STEEPENED-2x,Hispanic,276,0.5397,0.1976,1.0000
STEEPENED-2x,Low,276,1.2907,0.2566,0.8551
STEEPENED-2x,Men,276,0.2405,0.1555,1.0000
STEEPENED-2x,Middle,276,-0.0101,0.1924,1.0000
STEEPENED-2x,Overall,276,0.2479,0.1177,1.0000
STEEPENED-2x,White,276,0.1696,0.1575,1.0000
STEEPENED-2x,Women,276,0.2548,0.1716,1.0000
