type,variant,scope,unit,n,kept_alone,steepened_alone,names_steepened,excludes_kept,undetermined,stopped,ratio_mean,gap_full_sample
COMPRESSED,cond_auditprec,per model,Asian minus White,276,0.0000,0.0000,0.1486,0.0036,0.7971,0.0326,1.0039,-0.9536
COMPRESSED,cond_auditprec,per model,Black minus White,276,0.0000,0.0000,0.0072,0.0000,0.4674,0.5254,1.0243,-0.2844
COMPRESSED,cond_auditprec,per model,Hispanic minus White,276,0.0000,0.0000,0.0000,0.0036,0.2355,0.7609,1.1185,-0.1833
COMPRESSED,cond_auditprec,per model,Low minus High SES,276,0.0000,0.0036,0.3043,0.0036,0.4710,0.0000,1.0202,1.2974
COMPRESSED,cond_auditprec,per model,Low minus Middle SES,276,0.0000,0.0000,0.0833,0.0036,0.8442,0.0688,1.0046,0.6906
COMPRESSED,cond_auditprec,per model,Middle minus High SES,276,0.0000,0.0036,0.0906,0.0036,0.7826,0.1268,1.0688,0.6068
COMPRESSED,cond_auditprec,per model,Women minus Men,276,0.0000,0.0000,0.1848,0.0036,0.6884,0.0000,1.0127,0.8411
COMPRESSED,cond_half,per model,Asian minus White,276,0.0000,0.0000,0.1232,0.0036,0.6087,0.2609,1.0039,-0.9536
COMPRESSED,cond_half,per model,Black minus White,276,0.0000,0.0000,0.0036,0.0000,0.1703,0.8261,1.0243,-0.2844
COMPRESSED,cond_half,per model,Hispanic minus White,276,0.0000,0.0000,0.0000,0.0000,0.0616,0.9384,1.1185,-0.1833
COMPRESSED,cond_half,per model,Low minus High SES,276,0.0000,0.0000,0.2500,0.0000,0.5833,0.0109,1.0202,1.2974
COMPRESSED,cond_half,per model,Low minus Middle SES,276,0.0000,0.0000,0.0725,0.0036,0.6051,0.3188,1.0046,0.6906
COMPRESSED,cond_half,per model,Middle minus High SES,276,0.0000,0.0000,0.0725,0.0000,0.5217,0.4058,1.0688,0.6068
COMPRESSED,cond_half,per model,Women minus Men,276,0.0000,0.0000,0.1703,0.0036,0.6630,0.0870,1.0127,0.8411
COMPRESSED,pairs_auditprec,per model,Asian minus White,276,0.0000,0.0000,0.0072,0.0000,0.9601,0.0326,1.0039,-0.9536
COMPRESSED,pairs_auditprec,per model,Black minus White,276,0.0000,0.0000,0.0036,0.0000,0.4710,0.5254,1.0243,-0.2844
COMPRESSED,pairs_auditprec,per model,Hispanic minus White,276,0.0000,0.0000,0.0000,0.0000,0.2391,0.7609,1.1185,-0.1833
COMPRESSED,pairs_auditprec,per model,Low minus High SES,276,0.0000,0.0000,0.0471,0.0000,0.9275,0.0000,1.0202,1.2974
COMPRESSED,pairs_auditprec,per model,Low minus Middle SES,276,0.0000,0.0000,0.0072,0.0000,0.9239,0.0688,1.0046,0.6906
COMPRESSED,pairs_auditprec,per model,Middle minus High SES,276,0.0000,0.0000,0.0399,0.0000,0.8333,0.1268,1.0688,0.6068
COMPRESSED,pairs_auditprec,per model,Women minus Men,276,0.0000,0.0000,0.0435,0.0000,0.9457,0.0000,1.0127,0.8411
COMPRESSED,pairs_auditprec,pooled,Asian minus White,69,0.0000,0.0000,0.1594,0.0000,0.6232,0.0145,1.0039,-0.9536
COMPRESSED,pairs_auditprec,pooled,Black minus White,69,0.0000,0.0000,0.0000,0.0000,0.3333,0.6667,1.0243,-0.2844
COMPRESSED,pairs_auditprec,pooled,Hispanic minus White,69,0.0000,0.0000,0.0000,0.0000,0.1594,0.8406,1.1185,-0.1833
COMPRESSED,pairs_auditprec,pooled,Low minus High SES,69,0.0000,0.0000,0.4058,0.0000,0.3478,0.0000,1.0202,1.2974
COMPRESSED,pairs_auditprec,pooled,Low minus Middle SES,69,0.0000,0.0000,0.1014,0.0000,0.7391,0.1304,1.0046,0.6906
COMPRESSED,pairs_auditprec,pooled,Middle minus High SES,69,0.0000,0.0000,0.2319,0.0000,0.5797,0.1159,1.0688,0.6068
COMPRESSED,pairs_auditprec,pooled,Women minus Men,69,0.0000,0.0000,0.3478,0.0000,0.3768,0.0000,1.0127,0.8411
COMPRESSED,pairs_half,per model,Asian minus White,276,0.0000,0.0000,0.0072,0.0000,0.7319,0.2609,1.0039,-0.9536
COMPRESSED,pairs_half,per model,Black minus White,276,0.0000,0.0000,0.0000,0.0000,0.1739,0.8261,1.0243,-0.2844
COMPRESSED,pairs_half,per model,Hispanic minus White,276,0.0000,0.0000,0.0000,0.0000,0.0616,0.9384,1.1185,-0.1833
COMPRESSED,pairs_half,per model,Low minus High SES,276,0.0000,0.0000,0.0435,0.0000,0.9312,0.0109,1.0202,1.2974
COMPRESSED,pairs_half,per model,Low minus Middle SES,276,0.0000,0.0000,0.0000,0.0000,0.6812,0.3188,1.0046,0.6906
COMPRESSED,pairs_half,per model,Middle minus High SES,276,0.0000,0.0000,0.0362,0.0000,0.5580,0.4058,1.0688,0.6068
COMPRESSED,pairs_half,per model,Women minus Men,276,0.0000,0.0000,0.0290,0.0000,0.8841,0.0870,1.0127,0.8411
COMPRESSED,pairs_half,pooled,Asian minus White,69,0.0000,0.0000,0.1014,0.0000,0.4928,0.3043,1.0039,-0.9536
COMPRESSED,pairs_half,pooled,Black minus White,69,0.0000,0.0000,0.0000,0.0000,0.0580,0.9420,1.0243,-0.2844
COMPRESSED,pairs_half,pooled,Hispanic minus White,69,0.0000,0.0000,0.0000,0.0000,0.0290,0.9710,1.1185,-0.1833
COMPRESSED,pairs_half,pooled,Low minus High SES,69,0.0000,0.0000,0.3768,0.0000,0.4493,0.0000,1.0202,1.2974
COMPRESSED,pairs_half,pooled,Low minus Middle SES,69,0.0000,0.0000,0.0580,0.0000,0.4493,0.4783,1.0046,0.6906
COMPRESSED,pairs_half,pooled,Middle minus High SES,69,0.0000,0.0000,0.1884,0.0000,0.3623,0.4493,1.0688,0.6068
COMPRESSED,pairs_half,pooled,Women minus Men,69,0.0000,0.0000,0.2609,0.0000,0.5507,0.0580,1.0127,0.8411
NONINVARIANT,cond_auditprec,per model,Asian minus White,276,0.0000,0.0036,0.1993,0.0072,0.6775,0.0254,1.0104,-0.9536
NONINVARIANT,cond_auditprec,per model,Black minus White,276,0.0000,0.0036,0.0145,0.0036,0.4275,0.5580,1.0369,-0.2844
NONINVARIANT,cond_auditprec,per model,Hispanic minus White,276,0.0000,0.0000,0.0000,0.0000,0.2138,0.7862,1.1285,-0.1833
NONINVARIANT,cond_auditprec,per model,Low minus High SES,276,0.0000,0.0036,0.4275,0.0036,0.3188,0.0000,1.0256,1.2974
NONINVARIANT,cond_auditprec,per model,Low minus Middle SES,276,0.0000,0.0036,0.0942,0.0072,0.7681,0.1341,1.0142,0.6906
NONINVARIANT,cond_auditprec,per model,Middle minus High SES,276,0.0000,0.0036,0.0906,0.0036,0.7826,0.1268,1.0688,0.6068
NONINVARIANT,cond_auditprec,per model,Women minus Men,276,0.0000,0.0000,0.2246,0.0000,0.6051,0.0000,1.0089,0.8411
NONINVARIANT,cond_half,per model,Asian minus White,276,0.0000,0.0000,0.1522,0.0036,0.5217,0.3007,1.0104,-0.9536
NONINVARIANT,cond_half,per model,Black minus White,276,0.0000,0.0000,0.0036,0.0000,0.1341,0.8623,1.0369,-0.2844
NONINVARIANT,cond_half,per model,Hispanic minus White,276,0.0000,0.0000,0.0000,0.0000,0.0580,0.9420,1.1285,-0.1833
NONINVARIANT,cond_half,per model,Low minus High SES,276,0.0000,0.0000,0.3587,0.0000,0.4746,0.0072,1.0256,1.2974
NONINVARIANT,cond_half,per model,Low minus Middle SES,276,0.0000,0.0000,0.0761,0.0000,0.5580,0.3659,1.0142,0.6906
NONINVARIANT,cond_half,per model,Middle minus High SES,276,0.0000,0.0000,0.0725,0.0000,0.5217,0.4058,1.0688,0.6068
NONINVARIANT,cond_half,per model,Women minus Men,276,0.0000,0.0000,0.1884,0.0000,0.6304,0.0906,1.0089,0.8411
NONINVARIANT,pairs_auditprec,per model,Asian minus White,276,0.0000,0.0000,0.0072,0.0000,0.9674,0.0254,1.0104,-0.9536
NONINVARIANT,pairs_auditprec,per model,Black minus White,276,0.0000,0.0000,0.0000,0.0000,0.4420,0.5580,1.0369,-0.2844
NONINVARIANT,pairs_auditprec,per model,Hispanic minus White,276,0.0000,0.0000,0.0000,0.0000,0.2138,0.7862,1.1285,-0.1833
NONINVARIANT,pairs_auditprec,per model,Low minus High SES,276,0.0000,0.0000,0.0543,0.0000,0.9203,0.0000,1.0256,1.2974
NONINVARIANT,pairs_auditprec,per model,Low minus Middle SES,276,0.0000,0.0000,0.0109,0.0000,0.8551,0.1341,1.0142,0.6906
NONINVARIANT,pairs_auditprec,per model,Middle minus High SES,276,0.0000,0.0000,0.0399,0.0000,0.8333,0.1268,1.0688,0.6068
NONINVARIANT,pairs_auditprec,per model,Women minus Men,276,0.0000,0.0000,0.0435,0.0000,0.9348,0.0000,1.0089,0.8411
NONINVARIANT,pairs_auditprec,pooled,Asian minus White,69,0.0000,0.0000,0.1884,0.0000,0.6377,0.0145,1.0104,-0.9536
NONINVARIANT,pairs_auditprec,pooled,Black minus White,69,0.0000,0.0000,0.0000,0.0000,0.3333,0.6667,1.0369,-0.2844
NONINVARIANT,pairs_auditprec,pooled,Hispanic minus White,69,0.0000,0.0000,0.0000,0.0000,0.1449,0.8551,1.1285,-0.1833
NONINVARIANT,pairs_auditprec,pooled,Low minus High SES,69,0.0000,0.0000,0.4493,0.0000,0.3333,0.0000,1.0256,1.2974
NONINVARIANT,pairs_auditprec,pooled,Low minus Middle SES,69,0.0000,0.0000,0.1304,0.0000,0.6957,0.1159,1.0142,0.6906
NONINVARIANT,pairs_auditprec,pooled,Middle minus High SES,69,0.0000,0.0000,0.2319,0.0000,0.5797,0.1159,1.0688,0.6068
NONINVARIANT,pairs_auditprec,pooled,Women minus Men,69,0.0000,0.0000,0.3478,0.0000,0.3623,0.0000,1.0089,0.8411
NONINVARIANT,pairs_half,per model,Asian minus White,276,0.0000,0.0000,0.0072,0.0000,0.6920,0.3007,1.0104,-0.9536
NONINVARIANT,pairs_half,per model,Black minus White,276,0.0000,0.0000,0.0000,0.0000,0.1377,0.8623,1.0369,-0.2844
NONINVARIANT,pairs_half,per model,Hispanic minus White,276,0.0000,0.0000,0.0000,0.0000,0.0580,0.9420,1.1285,-0.1833
NONINVARIANT,pairs_half,per model,Low minus High SES,276,0.0000,0.0000,0.0507,0.0000,0.9203,0.0072,1.0256,1.2974
NONINVARIANT,pairs_half,per model,Low minus Middle SES,276,0.0000,0.0000,0.0109,0.0000,0.6232,0.3659,1.0142,0.6906
NONINVARIANT,pairs_half,per model,Middle minus High SES,276,0.0000,0.0000,0.0362,0.0000,0.5580,0.4058,1.0688,0.6068
NONINVARIANT,pairs_half,per model,Women minus Men,276,0.0000,0.0000,0.0326,0.0000,0.8659,0.0906,1.0089,0.8411
NONINVARIANT,pairs_half,pooled,Asian minus White,69,0.0000,0.0000,0.1304,0.0000,0.4638,0.2754,1.0104,-0.9536
NONINVARIANT,pairs_half,pooled,Black minus White,69,0.0000,0.0000,0.0000,0.0000,0.0435,0.9565,1.0369,-0.2844
NONINVARIANT,pairs_half,pooled,Hispanic minus White,69,0.0000,0.0000,0.0000,0.0000,0.0290,0.9710,1.1285,-0.1833
NONINVARIANT,pairs_half,pooled,Low minus High SES,69,0.0000,0.0000,0.4348,0.0000,0.4203,0.0000,1.0256,1.2974
NONINVARIANT,pairs_half,pooled,Low minus Middle SES,69,0.0000,0.0000,0.0725,0.0000,0.3913,0.5072,1.0142,0.6906
NONINVARIANT,pairs_half,pooled,Middle minus High SES,69,0.0000,0.0000,0.1884,0.0000,0.3623,0.4493,1.0688,0.6068
NONINVARIANT,pairs_half,pooled,Women minus Men,69,0.0000,0.0000,0.2464,0.0000,0.5362,0.0870,1.0089,0.8411
ORACLE-INDEP,cond_auditprec,per model,Asian minus White,276,0.0000,0.0000,0.3696,0.0000,0.3043,0.0181,1.0174,-0.9536
ORACLE-INDEP,cond_auditprec,per model,Black minus White,276,0.0000,0.0000,0.0254,0.0000,0.3188,0.6558,1.1105,-0.2844
ORACLE-INDEP,cond_auditprec,per model,Hispanic minus White,276,0.0000,0.0000,0.0000,0.0000,0.1630,0.8370,1.1498,-0.1833
ORACLE-INDEP,cond_auditprec,per model,Low minus High SES,276,0.0797,0.0000,0.5833,0.0000,0.0072,0.0000,1.0214,1.2974
ORACLE-INDEP,cond_auditprec,per model,Low minus Middle SES,276,0.0000,0.0000,0.2464,0.0072,0.4457,0.1522,1.0094,0.6906
ORACLE-INDEP,cond_auditprec,per model,Middle minus High SES,276,0.0000,0.0072,0.3116,0.0072,0.4094,0.1341,1.0702,0.6068
ORACLE-INDEP,cond_auditprec,per model,Women minus Men,276,0.0000,0.0000,0.4674,0.0000,0.1920,0.0000,1.0115,0.8411
ORACLE-INDEP,cond_half,per model,Asian minus White,276,0.0000,0.0000,0.2935,0.0000,0.2862,0.2536,1.0174,-0.9536
ORACLE-INDEP,cond_half,per model,Black minus White,276,0.0000,0.0000,0.0000,0.0000,0.0688,0.9312,1.1105,-0.2844
ORACLE-INDEP,cond_half,per model,Hispanic minus White,276,0.0000,0.0000,0.0000,0.0000,0.0435,0.9565,1.1498,-0.1833
ORACLE-INDEP,cond_half,per model,Low minus High SES,276,0.0000,0.0000,0.5616,0.0000,0.1884,0.0072,1.0214,1.2974
ORACLE-INDEP,cond_half,per model,Low minus Middle SES,276,0.0000,0.0000,0.1848,0.0072,0.2935,0.4529,1.0094,0.6906
ORACLE-INDEP,cond_half,per model,Middle minus High SES,276,0.0000,0.0000,0.2355,0.0000,0.2790,0.4384,1.0702,0.6068
ORACLE-INDEP,cond_half,per model,Women minus Men,276,0.0000,0.0000,0.3841,0.0000,0.3442,0.0870,1.0115,0.8411
ORACLE-INDEP,pairs_auditprec,per model,Asian minus White,276,0.0000,0.0000,0.0036,0.0000,0.9783,0.0181,1.0174,-0.9536
ORACLE-INDEP,pairs_auditprec,per model,Black minus White,276,0.0000,0.0000,0.0036,0.0000,0.3406,0.6558,1.1105,-0.2844
ORACLE-INDEP,pairs_auditprec,per model,Hispanic minus White,276,0.0000,0.0000,0.0000,0.0000,0.1630,0.8370,1.1498,-0.1833
ORACLE-INDEP,pairs_auditprec,per model,Low minus High SES,276,0.0000,0.0000,0.0616,0.0000,0.8841,0.0000,1.0214,1.2974
ORACLE-INDEP,pairs_auditprec,per model,Low minus Middle SES,276,0.0000,0.0000,0.0145,0.0000,0.8333,0.1522,1.0094,0.6906
ORACLE-INDEP,pairs_auditprec,per model,Middle minus High SES,276,0.0000,0.0000,0.0942,0.0000,0.7645,0.1341,1.0702,0.6068
ORACLE-INDEP,pairs_auditprec,per model,Women minus Men,276,0.0000,0.0000,0.0906,0.0000,0.8442,0.0000,1.0115,0.8411
ORACLE-INDEP,pairs_auditprec,pooled,Asian minus White,69,0.0000,0.0000,0.2319,0.0000,0.5217,0.0000,1.0174,-0.9536
ORACLE-INDEP,pairs_auditprec,pooled,Black minus White,69,0.0000,0.0000,0.0145,0.0000,0.2609,0.7246,1.1105,-0.2844
ORACLE-INDEP,pairs_auditprec,pooled,Hispanic minus White,69,0.0000,0.0000,0.0000,0.0000,0.0725,0.9275,1.1498,-0.1833
ORACLE-INDEP,pairs_auditprec,pooled,Low minus High SES,69,0.0000,0.0000,0.5362,0.0000,0.1884,0.0000,1.0214,1.2974
ORACLE-INDEP,pairs_auditprec,pooled,Low minus Middle SES,69,0.0000,0.0000,0.1594,0.0000,0.5652,0.1449,1.0094,0.6906
ORACLE-INDEP,pairs_auditprec,pooled,Middle minus High SES,69,0.0000,0.0000,0.3478,0.0000,0.3043,0.1449,1.0702,0.6068
ORACLE-INDEP,pairs_auditprec,pooled,Women minus Men,69,0.0000,0.0000,0.4783,0.0000,0.1739,0.0000,1.0115,0.8411
ORACLE-INDEP,pairs_half,per model,Asian minus White,276,0.0000,0.0000,0.0000,0.0000,0.7464,0.2536,1.0174,-0.9536
ORACLE-INDEP,pairs_half,per model,Black minus White,276,0.0000,0.0000,0.0000,0.0000,0.0688,0.9312,1.1105,-0.2844
ORACLE-INDEP,pairs_half,per model,Hispanic minus White,276,0.0000,0.0000,0.0000,0.0000,0.0435,0.9565,1.1498,-0.1833
ORACLE-INDEP,pairs_half,per model,Low minus High SES,276,0.0000,0.0000,0.0507,0.0000,0.8986,0.0072,1.0214,1.2974
ORACLE-INDEP,pairs_half,per model,Low minus Middle SES,276,0.0000,0.0000,0.0109,0.0000,0.5362,0.4529,1.0094,0.6906
ORACLE-INDEP,pairs_half,per model,Middle minus High SES,276,0.0000,0.0000,0.0725,0.0000,0.4891,0.4384,1.0702,0.6068
ORACLE-INDEP,pairs_half,per model,Women minus Men,276,0.0000,0.0000,0.0652,0.0000,0.8225,0.0870,1.0115,0.8411
ORACLE-INDEP,pairs_half,pooled,Asian minus White,69,0.0000,0.0000,0.1739,0.0000,0.4493,0.2609,1.0174,-0.9536
ORACLE-INDEP,pairs_half,pooled,Black minus White,69,0.0000,0.0000,0.0000,0.0000,0.0290,0.9710,1.1105,-0.2844
ORACLE-INDEP,pairs_half,pooled,Hispanic minus White,69,0.0000,0.0000,0.0000,0.0000,0.0290,0.9710,1.1498,-0.1833
ORACLE-INDEP,pairs_half,pooled,Low minus High SES,69,0.0000,0.0000,0.4493,0.0000,0.4058,0.0145,1.0214,1.2974
ORACLE-INDEP,pairs_half,pooled,Low minus Middle SES,69,0.0000,0.0000,0.1304,0.0000,0.2174,0.5797,1.0094,0.6906
ORACLE-INDEP,pairs_half,pooled,Middle minus High SES,69,0.0000,0.0000,0.2319,0.0000,0.2754,0.4348,1.0702,0.6068
ORACLE-INDEP,pairs_half,pooled,Women minus Men,69,0.0000,0.0000,0.4058,0.0000,0.2754,0.1594,1.0115,0.8411
REAL,cond_auditprec,per model,Asian minus White,276,0.0000,0.0000,0.1486,0.0036,0.7971,0.0326,1.0039,-0.9536
REAL,cond_auditprec,per model,Black minus White,276,0.0000,0.0000,0.0072,0.0000,0.4674,0.5254,1.0243,-0.2844
REAL,cond_auditprec,per model,Hispanic minus White,276,0.0000,0.0000,0.0000,0.0036,0.2355,0.7609,1.1185,-0.1833
REAL,cond_auditprec,per model,Low minus High SES,276,0.0000,0.0036,0.3043,0.0036,0.4710,0.0000,1.0202,1.2974
REAL,cond_auditprec,per model,Low minus Middle SES,276,0.0000,0.0000,0.0833,0.0036,0.8442,0.0688,1.0046,0.6906
REAL,cond_auditprec,per model,Middle minus High SES,276,0.0000,0.0036,0.0906,0.0036,0.7826,0.1268,1.0688,0.6068
REAL,cond_auditprec,per model,Women minus Men,276,0.0000,0.0000,0.1848,0.0036,0.6884,0.0000,1.0127,0.8411
REAL,cond_half,per model,Asian minus White,276,0.0000,0.0000,0.1232,0.0036,0.6087,0.2609,1.0039,-0.9536
REAL,cond_half,per model,Black minus White,276,0.0000,0.0000,0.0036,0.0000,0.1703,0.8261,1.0243,-0.2844
REAL,cond_half,per model,Hispanic minus White,276,0.0000,0.0000,0.0000,0.0000,0.0616,0.9384,1.1185,-0.1833
REAL,cond_half,per model,Low minus High SES,276,0.0000,0.0000,0.2500,0.0000,0.5833,0.0109,1.0202,1.2974
REAL,cond_half,per model,Low minus Middle SES,276,0.0000,0.0000,0.0725,0.0036,0.6051,0.3188,1.0046,0.6906
REAL,cond_half,per model,Middle minus High SES,276,0.0000,0.0000,0.0725,0.0000,0.5217,0.4058,1.0688,0.6068
REAL,cond_half,per model,Women minus Men,276,0.0000,0.0000,0.1703,0.0036,0.6630,0.0870,1.0127,0.8411
REAL,pairs_auditprec,per model,Asian minus White,276,0.0000,0.0000,0.0072,0.0000,0.9601,0.0326,1.0039,-0.9536
REAL,pairs_auditprec,per model,Black minus White,276,0.0000,0.0000,0.0036,0.0000,0.4710,0.5254,1.0243,-0.2844
REAL,pairs_auditprec,per model,Hispanic minus White,276,0.0000,0.0000,0.0000,0.0000,0.2391,0.7609,1.1185,-0.1833
REAL,pairs_auditprec,per model,Low minus High SES,276,0.0000,0.0000,0.0471,0.0000,0.9275,0.0000,1.0202,1.2974
REAL,pairs_auditprec,per model,Low minus Middle SES,276,0.0000,0.0000,0.0072,0.0000,0.9239,0.0688,1.0046,0.6906
REAL,pairs_auditprec,per model,Middle minus High SES,276,0.0000,0.0000,0.0399,0.0000,0.8333,0.1268,1.0688,0.6068
REAL,pairs_auditprec,per model,Women minus Men,276,0.0000,0.0000,0.0435,0.0000,0.9457,0.0000,1.0127,0.8411
REAL,pairs_auditprec,pooled,Asian minus White,69,0.0000,0.0000,0.1594,0.0000,0.6232,0.0145,1.0039,-0.9536
REAL,pairs_auditprec,pooled,Black minus White,69,0.0000,0.0000,0.0000,0.0000,0.3333,0.6667,1.0243,-0.2844
REAL,pairs_auditprec,pooled,Hispanic minus White,69,0.0000,0.0000,0.0000,0.0000,0.1594,0.8406,1.1185,-0.1833
REAL,pairs_auditprec,pooled,Low minus High SES,69,0.0000,0.0000,0.4058,0.0000,0.3478,0.0000,1.0202,1.2974
REAL,pairs_auditprec,pooled,Low minus Middle SES,69,0.0000,0.0000,0.1014,0.0000,0.7391,0.1304,1.0046,0.6906
REAL,pairs_auditprec,pooled,Middle minus High SES,69,0.0000,0.0000,0.2319,0.0000,0.5797,0.1159,1.0688,0.6068
REAL,pairs_auditprec,pooled,Women minus Men,69,0.0000,0.0000,0.3478,0.0000,0.3768,0.0000,1.0127,0.8411
REAL,pairs_half,per model,Asian minus White,276,0.0000,0.0000,0.0072,0.0000,0.7319,0.2609,1.0039,-0.9536
REAL,pairs_half,per model,Black minus White,276,0.0000,0.0000,0.0000,0.0000,0.1739,0.8261,1.0243,-0.2844
REAL,pairs_half,per model,Hispanic minus White,276,0.0000,0.0000,0.0000,0.0000,0.0616,0.9384,1.1185,-0.1833
REAL,pairs_half,per model,Low minus High SES,276,0.0000,0.0000,0.0435,0.0000,0.9312,0.0109,1.0202,1.2974
REAL,pairs_half,per model,Low minus Middle SES,276,0.0000,0.0000,0.0000,0.0000,0.6812,0.3188,1.0046,0.6906
REAL,pairs_half,per model,Middle minus High SES,276,0.0000,0.0000,0.0362,0.0000,0.5580,0.4058,1.0688,0.6068
REAL,pairs_half,per model,Women minus Men,276,0.0000,0.0000,0.0290,0.0000,0.8841,0.0870,1.0127,0.8411
REAL,pairs_half,pooled,Asian minus White,69,0.0000,0.0000,0.1014,0.0000,0.4928,0.3043,1.0039,-0.9536
REAL,pairs_half,pooled,Black minus White,69,0.0000,0.0000,0.0000,0.0000,0.0580,0.9420,1.0243,-0.2844
REAL,pairs_half,pooled,Hispanic minus White,69,0.0000,0.0000,0.0000,0.0000,0.0290,0.9710,1.1185,-0.1833
REAL,pairs_half,pooled,Low minus High SES,69,0.0000,0.0000,0.3768,0.0000,0.4493,0.0000,1.0202,1.2974
REAL,pairs_half,pooled,Low minus Middle SES,69,0.0000,0.0000,0.0580,0.0000,0.4493,0.4783,1.0046,0.6906
REAL,pairs_half,pooled,Middle minus High SES,69,0.0000,0.0000,0.1884,0.0000,0.3623,0.4493,1.0688,0.6068
REAL,pairs_half,pooled,Women minus Men,69,0.0000,0.0000,0.2609,0.0000,0.5507,0.0580,1.0127,0.8411
SHIFTED-2.1,cond_auditprec,per model,Asian minus White,276,0.0000,0.0072,0.0833,0.0072,0.8949,0.0217,1.0374,-0.9536
SHIFTED-2.1,cond_auditprec,per model,Black minus White,276,0.0000,0.0036,0.0145,0.0072,0.5725,0.4094,1.0596,-0.2844
SHIFTED-2.1,cond_auditprec,per model,Hispanic minus White,276,0.0000,0.0000,0.0036,0.0000,0.2790,0.7174,1.3809,-0.1833
SHIFTED-2.1,cond_auditprec,per model,Low minus High SES,276,0.0000,0.0000,0.1739,0.0000,0.7971,0.0000,1.0333,1.2974
SHIFTED-2.1,cond_auditprec,per model,Low minus Middle SES,276,0.0000,0.0000,0.0435,0.0000,0.8659,0.0906,1.0092,0.6906
SHIFTED-2.1,cond_auditprec,per model,Middle minus High SES,276,0.0000,0.0036,0.0652,0.0036,0.8370,0.0978,1.1032,0.6068
SHIFTED-2.1,cond_auditprec,per model,Women minus Men,276,0.0000,0.0000,0.1087,0.0000,0.8913,0.0000,1.0117,0.8411
SHIFTED-2.1,cond_half,per model,Asian minus White,276,0.0000,0.0000,0.0761,0.0000,0.7500,0.1739,1.0374,-0.9536
SHIFTED-2.1,cond_half,per model,Black minus White,276,0.0000,0.0000,0.0000,0.0036,0.2536,0.7428,1.0596,-0.2844
SHIFTED-2.1,cond_half,per model,Hispanic minus White,276,0.0000,0.0000,0.0000,0.0000,0.0797,0.9203,1.3809,-0.1833
SHIFTED-2.1,cond_half,per model,Low minus High SES,276,0.0000,0.0000,0.1522,0.0000,0.8261,0.0072,1.0333,1.2974
SHIFTED-2.1,cond_half,per model,Low minus Middle SES,276,0.0000,0.0000,0.0362,0.0000,0.6703,0.2935,1.0092,0.6906
SHIFTED-2.1,cond_half,per model,Middle minus High SES,276,0.0000,0.0036,0.0616,0.0036,0.6594,0.2790,1.1032,0.6068
SHIFTED-2.1,cond_half,per model,Women minus Men,276,0.0000,0.0000,0.0906,0.0000,0.8551,0.0543,1.0117,0.8411
SHIFTED-2.1,pairs_auditprec,per model,Asian minus White,276,0.0000,0.0000,0.0217,0.0000,0.9565,0.0217,1.0374,-0.9536
SHIFTED-2.1,pairs_auditprec,per model,Black minus White,276,0.0000,0.0000,0.0109,0.0000,0.5797,0.4094,1.0596,-0.2844
SHIFTED-2.1,pairs_auditprec,per model,Hispanic minus White,276,0.0000,0.0000,0.0000,0.0000,0.2826,0.7174,1.3809,-0.1833
SHIFTED-2.1,pairs_auditprec,per model,Low minus High SES,276,0.0000,0.0000,0.0362,0.0000,0.9565,0.0000,1.0333,1.2974
SHIFTED-2.1,pairs_auditprec,per model,Low minus Middle SES,276,0.0000,0.0000,0.0000,0.0000,0.9094,0.0906,1.0092,0.6906
SHIFTED-2.1,pairs_auditprec,per model,Middle minus High SES,276,0.0000,0.0000,0.0362,0.0000,0.8659,0.0978,1.1032,0.6068
SHIFTED-2.1,pairs_auditprec,per model,Women minus Men,276,0.0000,0.0000,0.0435,0.0000,0.9529,0.0000,1.0117,0.8411
SHIFTED-2.1,pairs_auditprec,pooled,Asian minus White,69,0.0000,0.0000,0.1594,0.0000,0.7536,0.0145,1.0374,-0.9536
SHIFTED-2.1,pairs_auditprec,pooled,Black minus White,69,0.0000,0.0000,0.0290,0.0000,0.4058,0.5652,1.0596,-0.2844
SHIFTED-2.1,pairs_auditprec,pooled,Hispanic minus White,69,0.0000,0.0000,0.0000,0.0000,0.2029,0.7971,1.3809,-0.1833
SHIFTED-2.1,pairs_auditprec,pooled,Low minus High SES,69,0.0000,0.0000,0.2899,0.0000,0.5507,0.0000,1.0333,1.2974
SHIFTED-2.1,pairs_auditprec,pooled,Low minus Middle SES,69,0.0000,0.0000,0.0870,0.0000,0.8116,0.0870,1.0092,0.6906
SHIFTED-2.1,pairs_auditprec,pooled,Middle minus High SES,69,0.0000,0.0145,0.2174,0.0145,0.6522,0.1159,1.1032,0.6068
SHIFTED-2.1,pairs_auditprec,pooled,Women minus Men,69,0.0000,0.0000,0.2609,0.0000,0.5652,0.0000,1.0117,0.8411
SHIFTED-2.1,pairs_half,per model,Asian minus White,276,0.0000,0.0000,0.0145,0.0000,0.8116,0.1739,1.0374,-0.9536
SHIFTED-2.1,pairs_half,per model,Black minus White,276,0.0000,0.0000,0.0000,0.0000,0.2572,0.7428,1.0596,-0.2844
SHIFTED-2.1,pairs_half,per model,Hispanic minus White,276,0.0000,0.0000,0.0000,0.0000,0.0797,0.9203,1.3809,-0.1833
SHIFTED-2.1,pairs_half,per model,Low minus High SES,276,0.0000,0.0000,0.0362,0.0000,0.9493,0.0072,1.0333,1.2974
SHIFTED-2.1,pairs_half,per model,Low minus Middle SES,276,0.0000,0.0000,0.0000,0.0000,0.7065,0.2935,1.0092,0.6906
SHIFTED-2.1,pairs_half,per model,Middle minus High SES,276,0.0000,0.0000,0.0290,0.0000,0.6920,0.2790,1.1032,0.6068
SHIFTED-2.1,pairs_half,per model,Women minus Men,276,0.0000,0.0000,0.0399,0.0000,0.9058,0.0543,1.0117,0.8411
SHIFTED-2.1,pairs_half,pooled,Asian minus White,69,0.0000,0.0000,0.1449,0.0000,0.5507,0.2754,1.0374,-0.9536
SHIFTED-2.1,pairs_half,pooled,Black minus White,69,0.0000,0.0000,0.0000,0.0000,0.1159,0.8841,1.0596,-0.2844
SHIFTED-2.1,pairs_half,pooled,Hispanic minus White,69,0.0000,0.0000,0.0000,0.0000,0.0435,0.9565,1.3809,-0.1833
SHIFTED-2.1,pairs_half,pooled,Low minus High SES,69,0.0000,0.0000,0.2609,0.0000,0.6087,0.0000,1.0333,1.2974
SHIFTED-2.1,pairs_half,pooled,Low minus Middle SES,69,0.0000,0.0000,0.0725,0.0000,0.5942,0.3333,1.0092,0.6906
SHIFTED-2.1,pairs_half,pooled,Middle minus High SES,69,0.0000,0.0145,0.1594,0.0145,0.5362,0.3043,1.1032,0.6068
SHIFTED-2.1,pairs_half,pooled,Women minus Men,69,0.0000,0.0000,0.1884,0.0000,0.6232,0.0580,1.0117,0.8411
SHIFTED-4.7,cond_auditprec,per model,Asian minus White,276,0.0000,0.0072,0.0652,0.0072,0.9239,0.0109,0.9978,-0.9536
SHIFTED-4.7,cond_auditprec,per model,Black minus White,276,0.0000,0.0036,0.0145,0.0036,0.5942,0.3913,1.0517,-0.2844
SHIFTED-4.7,cond_auditprec,per model,Hispanic minus White,276,0.0000,0.0000,0.0036,0.0036,0.2971,0.6957,1.3264,-0.1833
SHIFTED-4.7,cond_auditprec,per model,Low minus High SES,276,0.0000,0.0109,0.1377,0.0109,0.8623,0.0000,1.0333,1.2974
SHIFTED-4.7,cond_auditprec,per model,Low minus Middle SES,276,0.0000,0.0036,0.0507,0.0036,0.8804,0.0688,1.0028,0.6906
SHIFTED-4.7,cond_auditprec,per model,Middle minus High SES,276,0.0000,0.0036,0.0616,0.0036,0.8442,0.0942,1.1001,0.6068
SHIFTED-4.7,cond_auditprec,per model,Women minus Men,276,0.0000,0.0000,0.0725,0.0000,0.9275,0.0000,0.9835,0.8411
SHIFTED-4.7,cond_half,per model,Asian minus White,276,0.0000,0.0036,0.0580,0.0036,0.7464,0.1957,0.9978,-0.9536
SHIFTED-4.7,cond_half,per model,Black minus White,276,0.0000,0.0000,0.0072,0.0000,0.2935,0.6993,1.0517,-0.2844
SHIFTED-4.7,cond_half,per model,Hispanic minus White,276,0.0000,0.0000,0.0036,0.0036,0.0761,0.9167,1.3264,-0.1833
SHIFTED-4.7,cond_half,per model,Low minus High SES,276,0.0000,0.0072,0.1268,0.0072,0.8696,0.0036,1.0333,1.2974
SHIFTED-4.7,cond_half,per model,Low minus Middle SES,276,0.0000,0.0000,0.0507,0.0000,0.6957,0.2536,1.0028,0.6906
SHIFTED-4.7,cond_half,per model,Middle minus High SES,276,0.0000,0.0036,0.0580,0.0036,0.6775,0.2645,1.1001,0.6068
SHIFTED-4.7,cond_half,per model,Women minus Men,276,0.0000,0.0000,0.0507,0.0000,0.9130,0.0362,0.9835,0.8411
SHIFTED-4.7,pairs_auditprec,per model,Asian minus White,276,0.0000,0.0000,0.0217,0.0000,0.9674,0.0109,0.9978,-0.9536
SHIFTED-4.7,pairs_auditprec,per model,Black minus White,276,0.0000,0.0036,0.0109,0.0036,0.5978,0.3913,1.0517,-0.2844
SHIFTED-4.7,pairs_auditprec,per model,Hispanic minus White,276,0.0000,0.0036,0.0036,0.0072,0.2971,0.6957,1.3264,-0.1833
SHIFTED-4.7,pairs_auditprec,per model,Low minus High SES,276,0.0000,0.0000,0.0616,0.0000,0.9384,0.0000,1.0333,1.2974
SHIFTED-4.7,pairs_auditprec,per model,Low minus Middle SES,276,0.0000,0.0036,0.0254,0.0036,0.9058,0.0688,1.0028,0.6906
SHIFTED-4.7,pairs_auditprec,per model,Middle minus High SES,276,0.0000,0.0000,0.0507,0.0000,0.8551,0.0942,1.1001,0.6068
SHIFTED-4.7,pairs_auditprec,per model,Women minus Men,276,0.0000,0.0000,0.0326,0.0000,0.9674,0.0000,0.9835,0.8411
SHIFTED-4.7,pairs_auditprec,pooled,Asian minus White,69,0.0000,0.0000,0.0725,0.0000,0.8841,0.0290,0.9978,-0.9536
SHIFTED-4.7,pairs_auditprec,pooled,Black minus White,69,0.0000,0.0145,0.0290,0.0145,0.4348,0.5362,1.0517,-0.2844
SHIFTED-4.7,pairs_auditprec,pooled,Hispanic minus White,69,0.0000,0.0000,0.0000,0.0000,0.1739,0.8261,1.3264,-0.1833
SHIFTED-4.7,pairs_auditprec,pooled,Low minus High SES,69,0.0000,0.0000,0.3043,0.0000,0.5507,0.0000,1.0333,1.2974
SHIFTED-4.7,pairs_auditprec,pooled,Low minus Middle SES,69,0.0000,0.0000,0.0290,0.0000,0.8841,0.0870,1.0028,0.6906
SHIFTED-4.7,pairs_auditprec,pooled,Middle minus High SES,69,0.0000,0.0145,0.1014,0.0145,0.7101,0.1884,1.1001,0.6068
SHIFTED-4.7,pairs_auditprec,pooled,Women minus Men,69,0.0000,0.0000,0.1449,0.0000,0.7536,0.0000,0.9835,0.8411
SHIFTED-4.7,pairs_half,per model,Asian minus White,276,0.0000,0.0000,0.0217,0.0000,0.7826,0.1957,0.9978,-0.9536
SHIFTED-4.7,pairs_half,per model,Black minus White,276,0.0000,0.0000,0.0036,0.0000,0.2971,0.6993,1.0517,-0.2844
SHIFTED-4.7,pairs_half,per model,Hispanic minus White,276,0.0000,0.0036,0.0036,0.0072,0.0761,0.9167,1.3264,-0.1833
SHIFTED-4.7,pairs_half,per model,Low minus High SES,276,0.0000,0.0000,0.0580,0.0000,0.9384,0.0036,1.0333,1.2974
SHIFTED-4.7,pairs_half,per model,Low minus Middle SES,276,0.0000,0.0000,0.0217,0.0000,0.7246,0.2536,1.0028,0.6906
SHIFTED-4.7,pairs_half,per model,Middle minus High SES,276,0.0000,0.0000,0.0435,0.0000,0.6920,0.2645,1.1001,0.6068
SHIFTED-4.7,pairs_half,per model,Women minus Men,276,0.0000,0.0000,0.0326,0.0000,0.9312,0.0362,0.9835,0.8411
SHIFTED-4.7,pairs_half,pooled,Asian minus White,69,0.0000,0.0000,0.0725,0.0000,0.6667,0.2464,0.9978,-0.9536
SHIFTED-4.7,pairs_half,pooled,Black minus White,69,0.0000,0.0000,0.0000,0.0000,0.1304,0.8696,1.0517,-0.2844
SHIFTED-4.7,pairs_half,pooled,Hispanic minus White,69,0.0000,0.0000,0.0000,0.0000,0.0725,0.9275,1.3264,-0.1833
SHIFTED-4.7,pairs_half,pooled,Low minus High SES,69,0.0000,0.0000,0.2464,0.0000,0.6377,0.0000,1.0333,1.2974
SHIFTED-4.7,pairs_half,pooled,Low minus Middle SES,69,0.0000,0.0000,0.0290,0.0000,0.5217,0.4493,1.0028,0.6906
SHIFTED-4.7,pairs_half,pooled,Middle minus High SES,69,0.0000,0.0000,0.0870,0.0000,0.5072,0.4058,1.1001,0.6068
SHIFTED-4.7,pairs_half,pooled,Women minus Men,69,0.0000,0.0000,0.1159,0.0000,0.6812,0.1159,0.9835,0.8411
STEEPENED-2x,cond_auditprec,per model,Asian minus White,276,0.0000,0.0000,0.1486,0.0000,0.8261,0.0254,1.0068,-0.9536
STEEPENED-2x,cond_auditprec,per model,Black minus White,276,0.0000,0.0036,0.0290,0.0036,0.5036,0.4674,1.0581,-0.2844
STEEPENED-2x,cond_auditprec,per model,Hispanic minus White,276,0.0000,0.0000,0.0000,0.0000,0.2717,0.7283,1.0192,-0.1833
STEEPENED-2x,cond_auditprec,per model,Low minus High SES,276,0.0000,0.9348,1.0000,0.9348,0.0000,0.0000,2.0303,1.2974
STEEPENED-2x,cond_auditprec,per model,Low minus Middle SES,276,0.0000,0.9891,1.0000,0.9891,0.0000,0.0000,2.8886,0.6906
STEEPENED-2x,cond_auditprec,per model,Middle minus High SES,276,0.0000,0.0036,0.0906,0.0036,0.7826,0.1268,1.0688,0.6068
STEEPENED-2x,cond_auditprec,per model,Women minus Men,276,0.0000,0.0036,0.1268,0.0072,0.7862,0.0000,0.9975,0.8411
STEEPENED-2x,cond_half,per model,Asian minus White,276,0.0000,0.0000,0.1268,0.0000,0.6341,0.2391,1.0068,-0.9536
STEEPENED-2x,cond_half,per model,Black minus White,276,0.0000,0.0000,0.0036,0.0000,0.2319,0.7645,1.0581,-0.2844
STEEPENED-2x,cond_half,per model,Hispanic minus White,276,0.0000,0.0000,0.0000,0.0000,0.0978,0.9022,1.0192,-0.1833
STEEPENED-2x,cond_half,per model,Low minus High SES,276,0.0000,0.9022,1.0000,0.9022,0.0000,0.0000,2.0303,1.2974
STEEPENED-2x,cond_half,per model,Low minus Middle SES,276,0.0000,0.9710,1.0000,0.9710,0.0000,0.0000,2.8886,0.6906
STEEPENED-2x,cond_half,per model,Middle minus High SES,276,0.0000,0.0000,0.0725,0.0000,0.5217,0.4058,1.0688,0.6068
STEEPENED-2x,cond_half,per model,Women minus Men,276,0.0000,0.0000,0.1196,0.0000,0.7645,0.0870,0.9975,0.8411
STEEPENED-2x,pairs_auditprec,per model,Asian minus White,276,0.0000,0.0000,0.0109,0.0000,0.9638,0.0254,1.0068,-0.9536
STEEPENED-2x,pairs_auditprec,per model,Black minus White,276,0.0000,0.0000,0.0000,0.0000,0.5326,0.4674,1.0581,-0.2844
STEEPENED-2x,pairs_auditprec,per model,Hispanic minus White,276,0.0000,0.0000,0.0000,0.0000,0.2717,0.7283,1.0192,-0.1833
STEEPENED-2x,pairs_auditprec,per model,Low minus High SES,276,0.0000,0.7391,1.0000,0.7391,0.0000,0.0000,2.0303,1.2974
STEEPENED-2x,pairs_auditprec,per model,Low minus Middle SES,276,0.0000,0.9058,0.9928,0.9058,0.0072,0.0000,2.8886,0.6906
STEEPENED-2x,pairs_auditprec,per model,Middle minus High SES,276,0.0000,0.0000,0.0399,0.0000,0.8333,0.1268,1.0688,0.6068
STEEPENED-2x,pairs_auditprec,per model,Women minus Men,276,0.0000,0.0000,0.0217,0.0000,0.9674,0.0000,0.9975,0.8411
STEEPENED-2x,pairs_auditprec,pooled,Asian minus White,69,0.0000,0.0000,0.1739,0.0000,0.6522,0.0145,1.0068,-0.9536
STEEPENED-2x,pairs_auditprec,pooled,Black minus White,69,0.0000,0.0000,0.0000,0.0000,0.4203,0.5797,1.0581,-0.2844
STEEPENED-2x,pairs_auditprec,pooled,Hispanic minus White,69,0.0000,0.0000,0.0000,0.0000,0.2464,0.7536,1.0192,-0.1833
STEEPENED-2x,pairs_auditprec,pooled,Low minus High SES,69,0.0000,0.9855,1.0000,0.9855,0.0000,0.0000,2.0303,1.2974
STEEPENED-2x,pairs_auditprec,pooled,Low minus Middle SES,69,0.0000,1.0000,1.0000,1.0000,0.0000,0.0000,2.8886,0.6906
STEEPENED-2x,pairs_auditprec,pooled,Middle minus High SES,69,0.0000,0.0000,0.2319,0.0000,0.5797,0.1159,1.0688,0.6068
STEEPENED-2x,pairs_auditprec,pooled,Women minus Men,69,0.0000,0.0000,0.2029,0.0000,0.5217,0.0000,0.9975,0.8411
STEEPENED-2x,pairs_half,per model,Asian minus White,276,0.0000,0.0000,0.0072,0.0000,0.7536,0.2391,1.0068,-0.9536
STEEPENED-2x,pairs_half,per model,Black minus White,276,0.0000,0.0000,0.0000,0.0000,0.2355,0.7645,1.0581,-0.2844
STEEPENED-2x,pairs_half,per model,Hispanic minus White,276,0.0000,0.0000,0.0000,0.0000,0.0978,0.9022,1.0192,-0.1833
STEEPENED-2x,pairs_half,per model,Low minus High SES,276,0.0000,0.7101,1.0000,0.7101,0.0000,0.0000,2.0303,1.2974
STEEPENED-2x,pairs_half,per model,Low minus Middle SES,276,0.0000,0.8841,0.9928,0.8841,0.0072,0.0000,2.8886,0.6906
STEEPENED-2x,pairs_half,per model,Middle minus High SES,276,0.0000,0.0000,0.0362,0.0000,0.5580,0.4058,1.0688,0.6068
STEEPENED-2x,pairs_half,per model,Women minus Men,276,0.0000,0.0000,0.0181,0.0000,0.8841,0.0870,0.9975,0.8411
STEEPENED-2x,pairs_half,pooled,Asian minus White,69,0.0000,0.0000,0.1159,0.0000,0.5072,0.3188,1.0068,-0.9536
STEEPENED-2x,pairs_half,pooled,Black minus White,69,0.0000,0.0000,0.0000,0.0000,0.1014,0.8986,1.0581,-0.2844
STEEPENED-2x,pairs_half,pooled,Hispanic minus White,69,0.0000,0.0000,0.0000,0.0000,0.0580,0.9420,1.0192,-0.1833
STEEPENED-2x,pairs_half,pooled,Low minus High SES,69,0.0000,0.9710,1.0000,0.9710,0.0000,0.0000,2.0303,1.2974
STEEPENED-2x,pairs_half,pooled,Low minus Middle SES,69,0.0000,1.0000,1.0000,1.0000,0.0000,0.0000,2.8886,0.6906
STEEPENED-2x,pairs_half,pooled,Middle minus High SES,69,0.0000,0.0000,0.1884,0.0000,0.3623,0.4493,1.0688,0.6068
STEEPENED-2x,pairs_half,pooled,Women minus Men,69,0.0000,0.0000,0.1594,0.0000,0.5652,0.1304,0.9975,0.8411
