model,framing,outcome,n_personas,n_draws,draws_per_persona_median,sd_ref,s2_p,s2_r,within_sd,tol_min,tol_rec,k,se_k,phi_k,phi_k_lo,phi_k_hi,k_min,k_min_lo,k_min_hi,k_rec,k_rec_lo,k_rec_hi,pass_min,pass_rec,pass_single,k_sep80,k_sep90
rr1,demogs,Asian Americans,7530,222632,29.0,19.51366251477454,23.566961489158743,45.73168276632983,6.762520444799397,4.878415628693635,2.4392078143468177,30,1.2346616644021664,0.9392464187868392,0.9369082690999689,0.9412345057804316,2.0,2.0,2.0,8.0,8.0,8.0,True,True,False,8.0,18.0
rr1,demogs,Black Americans,7530,222641,29.0,20.189337265352,89.76918646113286,46.78898378549074,6.840247348268244,5.047334316338,2.523667158169,30,1.248852590520471,0.9829228845222184,0.9823458049023921,0.9834631388877068,2.0,2.0,2.0,8.0,8.0,8.0,True,True,False,3.0,5.0
rr1,demogs,Christians,7530,222635,29.0,23.917429671660635,26.024049962587334,49.13937250342841,7.009948109895565,5.979357417915159,2.9896787089575794,30,1.2798355689101681,0.9407860110073016,0.9388528873153921,0.9426415301856682,2.0,2.0,2.0,6.0,6.0,6.0,True,True,False,8.0,17.0
rr1,demogs,Conservatives,7530,222603,29.0,27.825489158860503,153.15324345105537,98.95052132200739,9.947387663201198,6.956372289715126,3.478186144857563,30,1.8161362037946327,0.9789177558183094,0.9781706588404714,0.9796873510739361,3.0,3.0,3.0,9.0,9.0,9.0,True,True,False,3.0,6.0
rr1,demogs,Democratic Party,7530,218761,28.0,31.893720890638967,229.28302639678455,126.41331673601826,11.243367677703075,7.973430222659742,3.986715111329871,30,2.052748699800816,0.9819535978258281,0.9813683158126238,0.9825276071227057,2.0,2.0,3.0,8.0,8.0,9.0,True,True,False,3.0,5.0
rr1,demogs,Gays and Lesbians,7530,222513,29.0,26.404804848209423,201.10167907010512,75.24436748372338,8.674351127532443,6.601201212052356,3.300600606026178,30,1.5837125947566306,0.987681608257035,0.9873175510772976,0.9880340766380588,2.0,2.0,2.0,7.0,7.0,8.0,True,True,False,2.0,4.0
rr1,demogs,Jews,7530,222611,29.0,20.56493803877432,14.11772125403296,39.513844915284835,6.286003890810507,5.14123450969358,2.57061725484679,30,1.1476620425207187,0.9146653052334024,0.9114005601927468,0.9178052698813085,2.0,2.0,2.0,6.0,6.0,7.0,True,True,False,12.0,26.0
rr1,demogs,Liberals,7530,222628,29.0,29.437255201905568,284.6588937155148,126.67825494107589,11.25514348824909,7.359313800476392,3.679656900238196,30,2.0548986588238027,0.9853829045277036,0.9848593848579364,0.9858880359734138,3.0,3.0,3.0,10.0,10.0,10.0,True,True,False,2.0,5.0
rr1,demogs,Muslims,7530,222640,29.0,24.140153880498193,147.3472508538096,65.3111055617299,8.081528664908014,6.035038470124548,3.017519235062274,30,1.4754785162982427,0.9854402459596386,0.9849956410175879,0.9858644994543166,2.0,2.0,2.0,8.0,8.0,8.0,True,True,False,2.0,4.0
rr1,demogs,Republican Party,7530,218705,28.0,31.327122892706004,142.70052484570942,104.11758372485511,10.203802415024269,7.831780723176501,3.9158903615882505,30,1.8629509183448276,0.9762566891560591,0.9754464507527615,0.9770006855941902,2.0,2.0,2.0,7.0,7.0,7.0,True,True,False,3.0,7.0
rr1,demogs,White Americans,7530,222610,29.0,19.523813712086284,27.944916620690645,62.66730407993279,7.916268317833397,4.880953428021571,2.4404767140107855,30,1.4453062429802757,0.9304480859891565,0.9282288353753517,0.9325988927892648,3.0,3.0,3.0,11.0,11.0,11.0,True,True,False,9.0,21.0
rr1,full,Asian Americans,7530,228241,29.0,19.51366251477454,27.531029497748687,35.598557871034586,5.966452704164727,4.878415628693635,2.4392078143468177,30,1.0893202447862396,0.9586798127813327,0.9572026846107605,0.9601176287236245,2.0,2.0,2.0,6.0,6.0,7.0,True,True,False,6.0,12.0
rr1,full,Black Americans,7530,228260,29.0,20.189337265352,110.00940095070611,29.593609629634727,5.44000088507665,5.047334316338,2.523667158169,30,0.9932037325348498,0.9911126982369621,0.9909369594326544,0.9912986938357242,2.0,2.0,2.0,5.0,5.0,5.0,True,True,False,2.0,3.0
rr1,full,Christians,7530,228261,29.0,23.917429671660635,68.52317795852873,40.84895651573372,6.391318840093469,5.979357417915159,2.9896787089575794,30,1.1668898336423155,0.980516053675631,0.9799246581838256,0.9810212638879582,2.0,2.0,2.0,5.0,5.0,5.0,True,True,False,3.0,6.0
rr1,full,Conservatives,7530,228208,29.0,27.825489158860503,515.6752099181723,46.55101606199626,6.822830502217995,6.956372289715126,3.478186144857563,30,1.2456727240330323,0.9969999617111199,0.9969347188026036,0.9970612604428839,1.0,1.0,1.0,4.0,4.0,4.0,True,True,True,1.0,1.0
rr1,full,Democratic Party,7530,217736,28.0,31.893720890638967,822.0242119724302,56.232504891312985,7.498833568716736,7.973430222659742,3.986715111329871,30,1.369093433521041,0.9977249424089519,0.9976721069997044,0.9977746691421525,1.0,1.0,1.0,4.0,4.0,4.0,True,True,True,1.0,1.0
rr1,full,Gays and Lesbians,7530,228108,29.0,26.404804848209423,457.84828901776496,33.960500846910065,5.827563886128583,6.601201212052356,3.300600606026178,30,1.063962731911697,0.9975336268663221,0.9974818180737948,0.9975793127774633,1.0,1.0,1.0,4.0,4.0,4.0,True,True,True,1.0,1.0
rr1,full,Jews,7530,228217,29.0,20.56493803877432,28.174985306808633,33.5776137543385,5.794619379591596,5.14123450969358,2.57061725484679,30,1.0579479154529694,0.9617926996484435,0.9604246072817471,0.9630735678914473,2.0,2.0,2.0,6.0,6.0,6.0,True,True,False,5.0,11.0
rr1,full,Liberals,7530,228220,29.0,29.437255201905568,801.8218432728947,40.37195843083628,6.353893171185386,7.359313800476392,3.679656900238196,30,1.16005687261209,0.9983244692773797,0.9982817377206666,0.998364418168518,1.0,1.0,1.0,3.0,3.0,4.0,True,True,True,1.0,1.0
rr1,full,Muslims,7530,228256,29.0,24.140153880498193,334.8825139698496,40.095236504794784,6.3320799509161905,6.035038470124548,3.017519235062274,30,1.1560743416810009,0.9960248891448024,0.9959425356206034,0.9960958236948821,2.0,2.0,2.0,5.0,5.0,5.0,True,True,False,1.0,2.0
rr1,full,Republican Party,7530,221847,28.0,31.327122892706004,638.6142958524089,49.575862136010876,7.041012862934627,7.831780723176501,3.9158903615882505,30,1.285507190904442,0.9974189999006672,0.997366036075794,0.9974689222166206,1.0,1.0,1.0,4.0,4.0,4.0,True,True,True,1.0,1.0
rr1,full,White Americans,7530,228235,29.0,19.523813712086284,47.01032516157257,48.54601339787185,6.967496924855572,4.880953428021571,2.4404767140107855,30,1.272085078363758,0.9667232262060622,0.9656575038866875,0.9676421781358584,3.0,3.0,3.0,9.0,9.0,9.0,True,True,False,5.0,10.0
rr1,pol,Asian Americans,7530,228388,29.0,19.51366251477454,31.495854351125082,30.543618454280043,5.526628127011989,4.878415628693635,2.4392078143468177,30,1.009019630702331,0.9686866765383519,0.967702571258492,0.9696168365410562,2.0,2.0,2.0,6.0,6.0,6.0,True,True,False,4.0,9.0
rr1,pol,Black Americans,7530,228398,29.0,20.189337265352,129.67350151419674,22.69373895112663,4.763794595816095,5.047334316338,2.523667158169,30,0.8697459198165602,0.9942002744763714,0.9940864357081587,0.9943189032285505,1.0,1.0,1.0,4.0,4.0,4.0,True,True,True,1.0,2.0
rr1,pol,Christians,7530,228388,29.0,23.917429671660635,66.5064539433842,33.92626554942514,5.824625786213663,5.979357417915159,2.9896787089575794,30,1.063426310711829,0.9832803050133054,0.9828259000193575,0.9837086153478958,1.0,1.0,1.0,4.0,4.0,4.0,True,True,True,3.0,5.0
rr1,pol,Conservatives,7530,228347,29.0,27.825489158860503,471.02455076476326,41.2869212384028,6.425489960960394,6.956372289715126,3.478186144857563,30,1.1731285982136657,0.9970867306703931,0.9970338350911911,0.9971405231929231,1.0,1.0,1.0,4.0,4.0,4.0,True,True,True,1.0,1.0
rr1,pol,Democratic Party,7530,225359,29.0,31.893720890638967,785.6693958326523,43.10271003943187,6.565265420333885,7.973430222659742,3.986715111329871,30,1.1986479889085018,0.9981746337566523,0.9981360919949253,0.9982125644232558,1.0,1.0,1.0,3.0,3.0,3.0,True,True,True,1.0,1.0
rr1,pol,Gays and Lesbians,7530,228239,29.0,26.404804848209423,506.59504591374605,22.358361940938398,4.728462957551682,6.601201212052356,3.300600606026178,30,0.8632952747262164,0.9985310082893846,0.9985028783300691,0.9985574196869684,1.0,1.0,1.0,3.0,3.0,3.0,True,True,True,1.0,1.0
rr1,pol,Jews,7530,228349,29.0,20.56493803877432,24.85878856725673,28.37063068591833,5.326408798235292,5.14123450969358,2.57061725484679,30,0.9724647497624842,0.9633517967921605,0.9617893439206378,0.9647176309909252,2.0,2.0,2.0,5.0,5.0,5.0,True,True,False,5.0,11.0
rr1,pol,Liberals,7530,228367,29.0,29.437255201905568,752.6615723525813,32.18365436220038,5.673063930734465,7.359313800476392,3.679656900238196,30,1.035755028344064,0.9985767021718941,0.9985479444388498,0.9986014284766029,1.0,1.0,1.0,3.0,3.0,3.0,True,True,True,1.0,1.0
rr1,pol,Muslims,7530,228392,29.0,24.140153880498193,345.6673518477345,31.89253806123969,5.647347878539066,6.035038470124548,3.017519235062274,30,1.031059941051597,0.9969339738013011,0.9968791179435059,0.9969859567393974,1.0,1.0,1.0,4.0,4.0,4.0,True,True,True,1.0,1.0
rr1,pol,Republican Party,7530,226962,29.0,31.327122892706004,614.0678616895094,42.89929323401918,6.549755204129325,7.831780723176501,3.9158903615882505,30,1.1958162238128285,0.9976767157371714,0.997630219927915,0.9977138860805773,1.0,1.0,1.0,3.0,3.0,3.0,True,True,True,1.0,1.0
rr1,pol,White Americans,7530,228380,29.0,19.523813712086284,19.37585587204206,37.54835047072801,6.12767088466148,4.880953428021571,2.4404767140107855,30,1.1187545228322433,0.9393230565479356,0.9372970545532885,0.9414155806718668,2.0,2.0,2.0,7.0,7.0,7.0,True,True,False,8.0,18.0
