model,framing,outcome,group,n,human_mean,sim_mean,residual,ci90_lo,ci90_hi,sd_ref,pass_05sd,pass_02sd,fail_05sd
rr1,demogs,Democratic Party,all,7468,44.533074450990895,45.46321433471092,0.9301398837200273,0.31897043729034824,1.5413093301497063,31.893720890638967,True,True,False
rr1,demogs,Democratic Party,PID:Democrat,2553,74.10497453975715,49.70214600264857,-24.402828537108583,-25.16130518127778,-23.644351892939387,31.893720890638967,False,False,True
rr1,demogs,Democratic Party,PID:Republican,2527,17.15156311832212,41.937448388701945,24.785885270379822,24.020691580568165,25.55107896019148,31.893720890638967,False,False,True
rr1,demogs,Democratic Party,agegrp:18-29,825,46.97090909090909,52.3534647768348,5.382555685925715,3.7406798707081093,7.024431501143321,31.893720890638967,True,False,False
rr1,demogs,Democratic Party,agegrp:65+,2149,43.96928804094928,40.00180069858814,-3.9674873423611414,-5.177573886521428,-2.7574007982008557,31.893720890638967,True,True,False
rr1,demogs,Democratic Party,education:a bachelor's degree or more,3706,47.386130599028604,46.31886539481825,-1.0672652042103465,-1.937087821624496,-0.1974425867961972,31.893720890638967,True,True,False
rr1,demogs,Democratic Party,education:a high school diploma,1704,41.69424882629108,41.57396390684626,-0.1202849194448218,-1.3977203400410771,1.1571505011514334,31.893720890638967,True,True,False
rr1,demogs,Democratic Party,gender:female,3932,48.056968463886065,52.9910443745398,4.934075910653726,4.0905284675190945,5.777623353788357,31.893720890638967,True,True,False
rr1,demogs,Democratic Party,gender:male,3536,40.61453619909502,37.092335455579956,-3.522200743515069,-4.3926346857187735,-2.6517668013113638,31.893720890638967,True,True,False
rr1,demogs,Democratic Party,"income:$30,000",1037,47.95178399228544,46.71254465163474,-1.239239340650701,-2.8788134085928023,0.4003347272914006,31.893720890638967,True,True,False
rr1,demogs,Democratic Party,"income:more than $150,000",417,43.983213429256594,35.80081048849089,-8.182402940765709,-10.790795948938998,-5.5740099325924195,31.893720890638967,True,False,False
rr1,demogs,Democratic Party,raceth:Hispanic,613,54.566068515497555,64.24306375513027,9.676995239632696,7.55080862070295,11.803181858562441,31.893720890638967,True,False,False
rr1,demogs,Democratic Party,raceth:non-Hispanic black,548,70.93065693430657,72.66392393041492,1.7332669961083431,0.0028870208678613007,3.463646971348825,31.893720890638967,True,True,False
rr1,demogs,Democratic Party,raceth:non-Hispanic white,6307,41.264309497383856,41.27452929377817,0.010219796394316062,-0.6642657658214114,0.6847053586100434,31.893720890638967,True,True,False
rr1,demogs,Republican Party,all,7454,43.6380466863429,53.512401904341154,9.874355217998248,9.263942494274465,10.484767941722032,31.327122892706004,True,False,False
rr1,demogs,Republican Party,PID:Democrat,2550,18.934901960784313,50.12234987103936,31.18744791025505,30.392331833790756,31.98256398671934,31.327122892706004,False,False,True
rr1,demogs,Republican Party,PID:Republican,2523,72.45263575108997,56.65138952682883,-15.801246224261144,-16.564641620828457,-15.037850827693832,31.327122892706004,False,False,False
rr1,demogs,Republican Party,agegrp:18-29,826,40.624697336561745,48.029647004740504,7.404949668178753,5.615661488825447,9.19423784753206,31.327122892706004,True,False,False
rr1,demogs,Republican Party,agegrp:65+,2145,45.63030303030303,58.064344702344215,12.434041672041186,11.257265959725835,13.610817384356537,31.327122892706004,True,False,False
rr1,demogs,Republican Party,education:a bachelor's degree or more,3696,38.053030303030305,54.0971652651839,16.044134962153592,15.195103206967385,16.8931667173398,31.327122892706004,False,False,False
rr1,demogs,Republican Party,education:a high school diploma,1700,50.26117647058823,55.043389458888186,4.782212988299946,3.5333931863264594,6.031032790273433,31.327122892706004,True,True,False
rr1,demogs,Republican Party,gender:female,3932,43.038148524923706,47.742276490295644,4.704127965371945,3.878914379903968,5.529341550839922,31.327122892706004,True,True,False
rr1,demogs,Republican Party,gender:male,3522,44.30777967064168,59.954234138306774,15.646454467665093,14.767873220975636,16.52503571435455,31.327122892706004,False,False,False
rr1,demogs,Republican Party,"income:$30,000",1036,43.034749034749034,48.1422602745459,5.107511239796865,3.4806052652334114,6.7344172143603185,31.327122892706004,True,False,False
rr1,demogs,Republican Party,"income:more than $150,000",418,38.645933014354064,63.59242435606512,24.94649134171106,22.342147987887362,27.550834695534757,31.327122892706004,False,False,True
rr1,demogs,Republican Party,raceth:Hispanic,610,39.450819672131146,37.5356776541548,-1.9151420179763452,-4.001119969822874,0.1708359338701828,31.327122892706004,True,True,False
rr1,demogs,Republican Party,raceth:non-Hispanic black,547,25.857404021937842,29.069729629591485,3.2123256076536446,1.3963979381297642,5.028253277177525,31.327122892706004,True,True,False
rr1,demogs,Republican Party,raceth:non-Hispanic white,6297,45.58821661108465,57.183347358827696,11.595130747743045,10.92596005429613,12.26430144118996,31.327122892706004,True,False,False
rr1,demogs,Black Americans,all,6876,71.65386852821408,70.44580437614353,-1.2080641520705555,-1.6082257678397323,-0.8079025363013788,20.189337265352,True,True,False
rr1,demogs,Black Americans,PID:Democrat,2363,77.86415573423614,73.38970648519776,-4.474449249038375,-5.119608438634058,-3.8292900594426906,20.189337265352,True,False,False
rr1,demogs,Black Americans,PID:Republican,2320,66.63491379310345,68.12488043342444,1.489966640320993,0.7835575272733231,2.196375753368663,20.189337265352,True,True,False
rr1,demogs,Black Americans,agegrp:18-29,745,73.75973154362416,74.60007404366574,0.8403425000415762,-0.45447933431023413,2.1351643343933864,20.189337265352,True,True,False
rr1,demogs,Black Americans,agegrp:65+,2011,71.29885629040278,66.63128519257484,-4.667571097827945,-5.356362498819528,-3.978779696836363,20.189337265352,True,False,False
rr1,demogs,Black Americans,education:a bachelor's degree or more,3456,73.32725694444444,71.99317149195795,-1.334085452486496,-1.8771918242236274,-0.7909790807493645,20.189337265352,True,True,False
rr1,demogs,Black Americans,education:a high school diploma,1529,68.44604316546763,65.89052931504175,-2.5555138504258785,-3.4370197809529834,-1.6740079198987734,20.189337265352,True,True,False
rr1,demogs,Black Americans,gender:female,3627,74.17342156051834,74.3479969894958,0.17457542897745315,-0.37611159828679686,0.7252624562417032,20.189337265352,True,True,False
rr1,demogs,Black Americans,gender:male,3249,68.84118190212374,66.0896170543126,-2.7515648478111303,-3.330893893163061,-2.1722358024591997,20.189337265352,True,True,False
rr1,demogs,Black Americans,"income:$30,000",941,71.33581296493092,68.19043902956345,-3.1453739353674695,-4.341994185943698,-1.9487536847912403,20.189337265352,True,False,False
rr1,demogs,Black Americans,"income:more than $150,000",381,72.41994750656168,69.27832393033506,-3.141623576226621,-4.7917849370965255,-1.491462215356717,20.189337265352,True,False,False
rr1,demogs,Black Americans,raceth:Hispanic,539,73.62337662337663,80.13312286423637,6.509746240859757,5.035474438529437,7.984018043190076,20.189337265352,True,False,False
rr1,demogs,Black Americans,raceth:non-Hispanic black,491,86.30346232179227,91.35756792322427,5.054105601432007,3.7157352644316513,6.392475938432363,20.189337265352,True,False,False
rr1,demogs,Black Americans,raceth:non-Hispanic white,5846,70.24187478617858,67.79627639689298,-2.445598389285608,-2.8765264872449707,-2.0146702913262455,20.189337265352,True,True,False
rr1,demogs,White Americans,all,6860,71.70495626822158,65.78001686771327,-5.924939400508309,-6.321723095029014,-5.528155705987604,19.523813712086284,True,False,False
rr1,demogs,White Americans,PID:Democrat,2358,70.10856658184902,64.91734702370853,-5.191219558140494,-5.900746371399597,-4.481692744881391,19.523813712086284,True,False,False
rr1,demogs,White Americans,PID:Republican,2312,74.47058823529412,66.85707260687529,-7.613515628418833,-8.254725531583482,-6.972305725254184,19.523813712086284,True,False,False
rr1,demogs,White Americans,agegrp:18-29,747,66.6144578313253,62.988208438801145,-3.6262493925241537,-4.998050790788341,-2.2544479942599667,19.523813712086284,True,False,False
rr1,demogs,White Americans,agegrp:65+,1994,75.7457372116349,68.48456092822389,-7.261176283411026,-7.913044121570286,-6.6093084452517665,19.523813712086284,True,False,False
rr1,demogs,White Americans,education:a bachelor's degree or more,3450,71.89304347826086,66.37876440595325,-5.514279072307626,-6.056033974177758,-4.972524170437493,19.523813712086284,True,False,False
rr1,demogs,White Americans,education:a high school diploma,1527,70.95677799607073,66.11405477904418,-4.842723217026546,-5.707285862614039,-3.978160571439054,19.523813712086284,True,False,False
rr1,demogs,White Americans,gender:female,3627,72.80700303280949,64.20182686740306,-8.605176165406421,-9.161125031130434,-8.049227299682409,19.523813712086284,True,False,False
rr1,demogs,White Americans,gender:male,3233,70.46860501082585,67.55053809602292,-2.9180669148029406,-3.4708945509319684,-2.3652392786739127,19.523813712086284,True,True,False
rr1,demogs,White Americans,"income:$30,000",936,69.38995726495726,62.31292938694417,-7.077027878013094,-8.269942325478722,-5.884113430547467,19.523813712086284,True,False,False
rr1,demogs,White Americans,"income:more than $150,000",380,71.65789473684211,69.52127132437829,-2.1366234124638046,-3.8184662892917034,-0.4547805356359058,19.523813712086284,True,True,False
rr1,demogs,White Americans,raceth:Hispanic,542,69.25092250922509,61.23620340141435,-8.014719107810741,-9.528858433852704,-6.500579781768778,19.523813712086284,True,False,False
rr1,demogs,White Americans,raceth:non-Hispanic black,490,66.71020408163265,58.22022404518698,-8.489980036445672,-10.356131087181796,-6.623828985709549,19.523813712086284,False,False,False
rr1,demogs,White Americans,raceth:non-Hispanic white,5828,72.35312285518188,66.83819212196376,-5.51493073321812,-5.931158848269789,-5.098702618166451,19.523813712086284,True,False,False
rr1,demogs,Asian Americans,all,4487,71.46021840873635,64.57398400907927,-6.886234399657074,-7.364365165469176,-6.408103633844971,19.51366251477454,True,False,False
rr1,demogs,Asian Americans,PID:Democrat,1555,74.72861736334406,65.48714284549561,-9.24147451784845,-10.058753244497886,-8.424195791199015,19.51366251477454,False,False,False
rr1,demogs,Asian Americans,PID:Republican,1503,68.46640053226879,64.06576113492696,-4.400639397341841,-5.209500495636038,-3.591778299047644,19.51366251477454,True,False,False
rr1,demogs,Asian Americans,agegrp:18-29,502,71.99601593625498,65.03132088212939,-6.96469505412559,-8.506200813678209,-5.423189294572971,19.51366251477454,True,False,False
rr1,demogs,Asian Americans,agegrp:65+,1249,72.23939151321056,64.06946777516679,-8.169923738043787,-8.9738454631079,-7.366002012979674,19.51366251477454,True,False,False
rr1,demogs,Asian Americans,education:a bachelor's degree or more,2224,73.99730215827338,66.78649774615214,-7.210804412121245,-7.86060168370776,-6.5610071405347306,19.51366251477454,True,False,False
rr1,demogs,Asian Americans,education:a high school diploma,1014,66.9516765285996,60.921755214742824,-6.029921313856783,-7.076239715407421,-4.983602912306146,19.51366251477454,True,False,False
rr1,demogs,Asian Americans,gender:female,2358,72.30958439355386,65.69384052098901,-6.615743872564846,-7.294418412913182,-5.9370693322165105,19.51366251477454,True,False,False
rr1,demogs,Asian Americans,gender:male,2129,70.51949271958667,63.33367322698292,-7.185819492603751,-7.856962872362291,-6.514676112845211,19.51366251477454,True,False,False
rr1,demogs,Asian Americans,"income:$30,000",565,68.81769911504425,60.07957506268145,-8.738124052362803,-10.187684298482985,-7.288563806242621,19.51366251477454,False,False,False
rr1,demogs,Asian Americans,"income:more than $150,000",239,73.5397489539749,68.81236942948817,-4.727379524486712,-6.688176724823121,-2.7665823241503027,19.51366251477454,True,False,False
rr1,demogs,Asian Americans,raceth:Hispanic,355,73.3943661971831,68.15317527169455,-5.241190925488551,-6.983059195024525,-3.4993226559525774,19.51366251477454,True,False,False
rr1,demogs,Asian Americans,raceth:non-Hispanic black,329,70.91489361702128,67.1733984866347,-3.7414951303865833,-5.960560415880922,-1.5224298448922444,19.51366251477454,True,False,False
rr1,demogs,Asian Americans,raceth:non-Hispanic white,3803,71.3268472258743,64.01499892852598,-7.311848297348323,-7.81604257174048,-6.807654022956166,19.51366251477454,True,False,False
rr1,demogs,Gays and Lesbians,all,7008,64.83775684931507,63.83679201285186,-1.0009648364632113,-1.5390816898658173,-0.4628479830606055,26.404804848209423,True,True,False
rr1,demogs,Gays and Lesbians,PID:Democrat,2421,76.75588599752169,67.62275108932047,-9.133134908201226,-10.012666726559077,-8.253603089843375,26.404804848209423,True,False,False
rr1,demogs,Gays and Lesbians,PID:Republican,2346,51.87638533674339,60.677828595827215,8.801443259083813,7.865462926632085,9.737423591535542,26.404804848209423,True,False,False
rr1,demogs,Gays and Lesbians,agegrp:18-29,765,72.47058823529412,72.2276853747548,-0.24290286053931365,-1.8636866734441444,1.3778809523655169,26.404804848209423,True,True,False
rr1,demogs,Gays and Lesbians,agegrp:65+,2045,60.45232273838631,57.44149277623434,-3.010829962151969,-3.983704222392448,-2.03795570191149,26.404804848209423,True,True,False
rr1,demogs,Gays and Lesbians,education:a bachelor's degree or more,3512,69.24601366742597,66.51218674366062,-2.733826923765349,-3.4542782733226174,-2.013375574208081,26.404804848209423,True,True,False
rr1,demogs,Gays and Lesbians,education:a high school diploma,1574,57.87738246505718,56.55237391642569,-1.3250085486314938,-2.57621095515702,-0.07380614210596792,26.404804848209423,True,True,False
rr1,demogs,Gays and Lesbians,gender:female,3708,68.76402373247033,70.94152286769106,2.1774991352207276,1.462404434265729,2.892593836175726,26.404804848209423,True,True,False
rr1,demogs,Gays and Lesbians,gender:male,3300,60.42606060606061,55.85365807050527,-4.572402535555346,-5.372843559100291,-3.7719615120104018,26.404804848209423,True,False,False
rr1,demogs,Gays and Lesbians,"income:$30,000",962,62.17775467775468,61.642002632510206,-0.5357520452444714,-2.130184956848691,1.0586808663597478,26.404804848209423,True,True,False
rr1,demogs,Gays and Lesbians,"income:more than $150,000",393,71.38676844783716,62.9410490701742,-8.445719377662952,-10.662516113856144,-6.22892264146976,26.404804848209423,True,False,False
rr1,demogs,Gays and Lesbians,raceth:Hispanic,554,67.1028880866426,79.27648369543442,12.173595608791826,10.326599293716967,14.020591923866686,26.404804848209423,False,False,False
rr1,demogs,Gays and Lesbians,raceth:non-Hispanic black,508,63.561023622047244,83.93815979256462,20.37713617051738,18.351275266932603,22.40299707410216,26.404804848209423,False,False,True
rr1,demogs,Gays and Lesbians,raceth:non-Hispanic white,5946,64.73578876555668,60.68087475347668,-4.054914012080001,-4.614747401950377,-3.495080622209625,26.404804848209423,True,True,False
rr1,demogs,Muslims,all,6828,56.927357937902755,43.034147950246485,-13.893209987656268,-14.385276693206887,-13.40114328210565,24.140153880498193,False,False,True
rr1,demogs,Muslims,PID:Democrat,2321,67.65833692373977,46.507635609938035,-21.150701313801726,-21.955381794973473,-20.34602083262998,24.140153880498193,False,False,True
rr1,demogs,Muslims,PID:Republican,2310,45.354112554112554,40.199714296599836,-5.154398257512713,-5.999210109161817,-4.309586405863609,24.140153880498193,True,False,False
rr1,demogs,Muslims,agegrp:18-29,711,62.14627285513362,49.179236501938796,-12.967036353194814,-14.539309632453556,-11.394763073936073,24.140153880498193,False,False,False
rr1,demogs,Muslims,agegrp:65+,2008,54.82121513944223,38.5423695531712,-16.278845586271036,-17.169966095524988,-15.387725077017086,24.140153880498193,False,False,True
rr1,demogs,Muslims,education:a bachelor's degree or more,3421,60.86992107570886,44.7018364734281,-16.168084602280754,-16.85209786204263,-15.484071342518877,24.140153880498193,False,False,True
rr1,demogs,Muslims,education:a high school diploma,1543,51.11276733635774,38.276716582945525,-12.836050753412218,-13.896460161697613,-11.775641345126823,24.140153880498193,False,False,False
rr1,demogs,Muslims,gender:female,3586,59.54127161182376,48.28019328947745,-11.261078322346307,-11.932771907611084,-10.58938473708153,24.140153880498193,True,False,False
rr1,demogs,Muslims,gender:male,3242,54.036088834053054,37.23145868853081,-16.80463014552225,-17.51786142449127,-16.09139886655323,24.140153880498193,False,False,True
rr1,demogs,Muslims,"income:$30,000",937,55.7812166488794,42.50217167759891,-13.279044971280491,-14.721433789874864,-11.83665615268612,24.140153880498193,False,False,False
rr1,demogs,Muslims,"income:more than $150,000",384,60.34375,40.24050541221422,-20.103244587785785,-22.307431321002753,-17.899057854568817,24.140153880498193,False,False,True
rr1,demogs,Muslims,raceth:Hispanic,531,60.41242937853107,58.53661826990674,-1.8758111086243305,-3.552026643875756,-0.1995955733729049,24.140153880498193,True,True,False
rr1,demogs,Muslims,raceth:non-Hispanic black,485,65.23711340206185,64.32298823706255,-0.9141251649993086,-2.582775191686486,0.7545248616878687,24.140153880498193,True,True,False
rr1,demogs,Muslims,raceth:non-Hispanic white,5812,55.9155196145905,39.841288473500896,-16.074231141089612,-16.600085412902544,-15.54837686927668,24.140153880498193,False,False,True
rr1,demogs,Jews,all,6988,74.73568975386377,68.15919120334405,-6.576498550519715,-6.980404809014908,-6.172592292024523,20.56493803877432,True,False,False
rr1,demogs,Jews,PID:Democrat,2409,77.5060190950602,68.28956896718587,-9.216450127874333,-9.897214459496022,-8.535685796252645,20.56493803877432,True,False,False
rr1,demogs,Jews,PID:Republican,2346,74.30690537084399,68.38744899563092,-5.91945637521307,-6.616732570316219,-5.222180180109921,20.56493803877432,True,False,False
rr1,demogs,Jews,agegrp:18-29,762,72.4737532808399,66.41856690380925,-6.055186377030642,-7.468859678281081,-4.641513075780203,20.56493803877432,True,False,False
rr1,demogs,Jews,agegrp:65+,2046,77.37243401759531,69.6040990242685,-7.76833499332679,-8.433230133394858,-7.103439853258722,20.56493803877432,True,False,False
rr1,demogs,Jews,education:a bachelor's degree or more,3508,76.87770809578107,69.67460840305267,-7.203099692728402,-7.743645714759232,-6.662553670697571,20.56493803877432,True,False,False
rr1,demogs,Jews,education:a high school diploma,1567,70.93746011486918,66.42600076001578,-4.511459354853387,-5.426900621885529,-3.5960180878212453,20.56493803877432,True,False,False
rr1,demogs,Jews,gender:female,3700,76.63081081081081,68.20829302107916,-8.42251778973165,-8.980128456706328,-7.864907122756971,20.56493803877432,True,False,False
rr1,demogs,Jews,gender:male,3288,72.60310218978103,68.10393672474919,-4.4991654650318305,-5.07929904971286,-3.9190318803508006,20.56493803877432,True,False,False
rr1,demogs,Jews,"income:$30,000",961,73.13943808532778,63.93702078101284,-9.202417304314944,-10.423264098166282,-7.981570510463605,20.56493803877432,False,False,False
rr1,demogs,Jews,"income:more than $150,000",395,77.4126582278481,72.37492397923816,-5.037734248609932,-6.648396386113159,-3.4270721111067055,20.56493803877432,True,False,False
rr1,demogs,Jews,raceth:Hispanic,552,73.5018115942029,67.30748960139216,-6.194321992810748,-7.685513698887109,-4.703130286734386,20.56493803877432,True,False,False
rr1,demogs,Jews,raceth:non-Hispanic black,505,70.45742574257426,66.85252202153832,-3.6049037210359316,-5.3368702564279955,-1.872937185643868,20.56493803877432,True,False,False
rr1,demogs,Jews,raceth:non-Hispanic white,5931,75.21480357443939,68.34971678437411,-6.865086790065265,-7.2953785838121865,-6.434794996318343,20.56493803877432,True,False,False
rr1,demogs,Liberals,all,7031,50.8189446735884,44.903361247332576,-5.915583426255819,-6.526201979336361,-5.304964873175277,29.437255201905568,True,False,False
rr1,demogs,Liberals,PID:Democrat,2423,73.115971935617,49.74305176643492,-23.37292016918209,-24.30539171991089,-22.440448618453292,29.437255201905568,False,False,True
rr1,demogs,Liberals,PID:Republican,2361,27.509953409572216,40.744895322146704,13.23494191257449,12.360293150607315,14.109590674541664,29.437255201905568,True,False,False
rr1,demogs,Liberals,agegrp:18-29,764,54.92931937172775,53.43813816440458,-1.4911812073231652,-3.2035274330299446,0.22116501838361446,29.437255201905568,True,True,False
rr1,demogs,Liberals,agegrp:65+,2052,49.84892787524367,38.30663563443809,-11.542292240805574,-12.686644620136025,-10.397939861475123,29.437255201905568,True,False,False
rr1,demogs,Liberals,education:a bachelor's degree or more,3531,55.07051826677995,45.91480927873372,-9.15570898804623,-10.031518721683936,-8.279899254408525,29.437255201905568,True,False,False
rr1,demogs,Liberals,education:a high school diploma,1570,44.89363057324841,40.04512972314698,-4.848500850101429,-6.131116851878064,-3.5658848483247945,29.437255201905568,True,False,False
rr1,demogs,Liberals,gender:female,3713,54.11015351467816,53.36007994741079,-0.7500735672673686,-1.5815083394610483,0.08136120492631105,29.437255201905568,True,True,False
rr1,demogs,Liberals,gender:male,3318,47.13592525617842,35.43989032105457,-11.696034935123846,-12.566214179638699,-10.825855690608993,29.437255201905568,True,False,False
rr1,demogs,Liberals,"income:$30,000",967,50.743536711478804,46.45379164743826,-4.289745064040542,-5.913174189060191,-2.666315939020892,29.437255201905568,True,False,False
rr1,demogs,Liberals,"income:more than $150,000",394,53.40862944162436,35.17738109762926,-18.231248343995116,-20.820228077085897,-15.642268610904335,29.437255201905568,False,False,True
rr1,demogs,Liberals,raceth:Hispanic,556,56.45323741007194,67.82490831004394,11.371670899971988,9.42461842685632,13.318723373087657,29.437255201905568,True,False,False
rr1,demogs,Liberals,raceth:non-Hispanic black,510,63.64313725490196,75.75704100846406,12.113903753562097,10.345283399300977,13.882524107823217,29.437255201905568,True,False,False
rr1,demogs,Liberals,raceth:non-Hispanic white,5965,49.19731768650461,40.128883989152435,-9.06843369735218,-9.726141078440083,-8.410726316264277,29.437255201905568,True,False,False
rr1,demogs,Conservatives,all,7031,55.823780401080924,55.681279850649574,-0.14250055043135157,-0.7153248395595363,0.43032373869683316,27.825489158860503,True,True,False
rr1,demogs,Conservatives,PID:Democrat,2418,37.25268817204301,52.1784122392052,14.925724067162195,13.967445934170348,15.884002200154042,27.825489158860503,False,False,True
rr1,demogs,Conservatives,PID:Republican,2364,77.08798646362098,58.853941684980384,-18.234044778640587,-18.966994534831862,-17.501095022449313,27.825489158860503,False,False,True
rr1,demogs,Conservatives,agegrp:18-29,761,49.776609724047304,49.48743217950205,-0.2891775445452556,-2.005367002399204,1.427011913308693,27.825489158860503,True,True,False
rr1,demogs,Conservatives,agegrp:65+,2053,61.02679006332197,60.55029189942521,-0.4764981638967563,-1.5349910817761006,0.581994753982588,27.825489158860503,True,True,False
rr1,demogs,Conservatives,education:a bachelor's degree or more,3524,51.601305334846764,56.34484029240645,4.743534957559685,3.9290866455058224,5.5579832696135485,27.825489158860503,True,True,False
rr1,demogs,Conservatives,education:a high school diploma,1580,60.88670886075949,57.48623639488716,-3.4004724658723307,-4.540586799685101,-2.2603581320595607,27.825489158860503,True,True,False
rr1,demogs,Conservatives,gender:female,3718,55.226465841850455,49.77060662395157,-5.455859217898879,-6.222603821732237,-4.68911461406552,27.825489158860503,True,False,False
rr1,demogs,Conservatives,gender:male,3313,56.49411409598551,62.31450745610178,5.82039336011627,4.994119244048754,6.6466674761837865,27.825489158860503,True,False,False
rr1,demogs,Conservatives,"income:$30,000",964,55.75311203319502,50.0441469962576,-5.708965036937419,-7.246510825750579,-4.17141924812426,27.825489158860503,True,False,False
rr1,demogs,Conservatives,"income:more than $150,000",395,51.164556962025316,65.60746186974322,14.442904907717903,12.096999134232231,16.788810681203575,27.825489158860503,False,False,False
rr1,demogs,Conservatives,raceth:Hispanic,556,52.24820143884892,39.30761032981309,-12.940591109035836,-14.906428204379667,-10.974754013692005,27.825489158860503,False,False,False
rr1,demogs,Conservatives,raceth:non-Hispanic black,512,47.884765625,30.683441573320817,-17.201324051679187,-19.106798470544074,-15.2958496328143,27.825489158860503,False,False,True
rr1,demogs,Conservatives,raceth:non-Hispanic white,5963,56.8388395103136,59.354372832634716,2.5155333223211196,1.9035983372960095,3.1274683073462297,27.825489158860503,True,True,False
rr1,demogs,Christians,all,6357,70.67248702218028,66.91794078541821,-3.7545462367620575,-4.249844225650487,-3.2592482478736278,23.917429671660635,True,True,False
rr1,demogs,Christians,PID:Democrat,2244,63.95187165775401,66.03762675070057,2.08575509294656,1.2027360500268371,2.968774135866283,23.917429671660635,True,True,False
rr1,demogs,Christians,PID:Republican,2035,81.76117936117936,68.11499741635038,-13.646181944828966,-14.333427347617214,-12.958936542040718,23.917429671660635,False,False,True
rr1,demogs,Christians,agegrp:18-29,687,63.40320232896652,63.491621222585955,0.08841889361942477,-1.5035627583279583,1.6804005455668078,23.917429671660635,True,True,False
rr1,demogs,Christians,agegrp:65+,1855,76.4021563342318,69.7021529920003,-6.700003342231521,-7.499570600445374,-5.900436084017668,23.917429671660635,True,False,False
rr1,demogs,Christians,education:a bachelor's degree or more,3247,68.85432707114259,67.59439204548632,-1.2599350256562802,-1.9494420122666196,-0.570428039045941,23.917429671660635,True,True,False
rr1,demogs,Christians,education:a high school diploma,1385,73.05848375451264,67.24615092798207,-5.812332826530562,-6.850294142486415,-4.774371510574708,23.917429671660635,True,False,False
rr1,demogs,Christians,gender:female,3317,71.97497738920711,65.277569231135,-6.697408158072109,-7.379871090721078,-6.014945225423141,23.917429671660635,True,False,False
rr1,demogs,Christians,gender:male,3040,69.25131578947368,68.70778040566736,-0.5435353838063199,-1.2512121663003364,0.1641413986876965,23.917429671660635,True,True,False
rr1,demogs,Christians,"income:$30,000",884,70.28506787330316,63.5893410130988,-6.69572686020437,-8.138858407644257,-5.252595312764482,23.917429671660635,True,False,False
rr1,demogs,Christians,"income:more than $150,000",372,67.01612903225806,71.109391162391,4.093262130132937,2.0596727793174656,6.126851480948408,23.917429671660635,True,False,False
rr1,demogs,Christians,raceth:Hispanic,502,67.97011952191235,62.04100321892438,-5.929116302987972,-7.606412121843683,-4.251820484132261,23.917429671660635,True,False,False
rr1,demogs,Christians,raceth:non-Hispanic black,445,74.08314606741573,59.10546300620653,-14.977683061209197,-16.88030016502543,-13.075065957392962,23.917429671660635,False,False,True
rr1,demogs,Christians,raceth:non-Hispanic white,5410,70.64269870609982,68.0130933307286,-2.629605375371228,-3.16259226522343,-2.096618485519026,23.917429671660635,True,True,False
rr1,full,Democratic Party,all,7468,44.533074450990895,52.69701465155988,8.163940200568993,7.776300296747716,8.551580104390268,31.893720890638967,True,False,False
rr1,full,Democratic Party,PID:Democrat,2553,74.10497453975715,84.34112903545596,10.236154495698827,9.647778728483688,10.824530262913965,31.893720890638967,True,False,False
rr1,full,Democratic Party,PID:Republican,2527,17.15156311832212,20.49440537925871,3.3428422609365875,2.728461056993023,3.957223464880152,31.893720890638967,True,True,False
rr1,full,Democratic Party,agegrp:18-29,825,46.97090909090909,58.08395122800525,11.11304213709617,9.825850025509473,12.400234248682866,31.893720890638967,True,False,False
rr1,full,Democratic Party,agegrp:65+,2149,43.96928804094928,49.964707094068395,5.995419053119123,5.305210168501582,6.6856279377366645,31.893720890638967,True,False,False
rr1,full,Democratic Party,education:a bachelor's degree or more,3706,47.386130599028604,56.94725737957441,9.561126780545809,9.028940670386495,10.093312890705123,31.893720890638967,True,False,False
rr1,full,Democratic Party,education:a high school diploma,1704,41.69424882629108,47.58996976411461,5.895720937823538,5.03316100468996,6.758280870957115,31.893720890638967,True,False,False
rr1,full,Democratic Party,gender:female,3932,48.056968463886065,56.701138919388136,8.64417045550207,8.116278722651616,9.172062188352525,31.893720890638967,True,False,False
rr1,full,Democratic Party,gender:male,3536,40.61453619909502,48.244464702153586,7.629928503058564,7.059533633586912,8.200323372530216,31.893720890638967,True,False,False
rr1,full,Democratic Party,"income:$30,000",1037,47.95178399228544,54.62215535405359,6.670371361768152,5.489652593016198,7.851090130520105,31.893720890638967,True,False,False
rr1,full,Democratic Party,"income:more than $150,000",417,43.983213429256594,53.63997766852051,9.656764239263905,8.11945654068196,11.194071937845852,31.893720890638967,True,False,False
rr1,full,Democratic Party,raceth:Hispanic,613,54.566068515497555,60.017428832136076,5.4513603166385245,3.9166384512709786,6.98608218200607,31.893720890638967,True,False,False
rr1,full,Democratic Party,raceth:non-Hispanic black,548,70.93065693430657,74.51724508362872,3.58658814932216,2.09272030451414,5.08045599413018,31.893720890638967,True,True,False
rr1,full,Democratic Party,raceth:non-Hispanic white,6307,41.264309497383856,50.08961015346777,8.825300656083918,8.41254051975238,9.238060792415457,31.893720890638967,True,False,False
rr1,full,Republican Party,all,7454,43.6380466863429,50.78820988728961,7.150163200946709,6.760189482039659,7.540136919853759,31.327122892706004,True,False,False
rr1,full,Republican Party,PID:Democrat,2550,18.934901960784313,24.252335168769477,5.317433207985164,4.7093634498954575,5.92550296607487,31.327122892706004,True,True,False
rr1,full,Republican Party,PID:Republican,2523,72.45263575108997,80.65321982542002,8.200584074330058,7.548915223317484,8.852252925342631,31.327122892706004,True,False,False
rr1,full,Republican Party,agegrp:18-29,826,40.624697336561745,45.73232369385706,5.107626357295315,3.861118910327104,6.354133804263526,31.327122892706004,True,False,False
rr1,full,Republican Party,agegrp:65+,2145,45.63030303030303,53.49863977009438,7.868336739791355,7.133062245612459,8.60361123397025,31.327122892706004,True,False,False
rr1,full,Republican Party,education:a bachelor's degree or more,3696,38.053030303030305,47.51933474291218,9.46630443988188,8.947140763457789,9.98546811630597,31.327122892706004,True,False,False
rr1,full,Republican Party,education:a high school diploma,1700,50.26117647058823,54.46767904059066,4.206502570002426,3.3521811261709207,5.0608240138339315,31.327122892706004,True,True,False
rr1,full,Republican Party,gender:female,3932,43.038148524923706,47.836017529611766,4.797869004688058,4.27356040632635,5.3221776030497665,31.327122892706004,True,True,False
rr1,full,Republican Party,gender:male,3522,44.30777967064168,54.08407029341945,9.776290622777774,9.203043553380489,10.349537692175058,31.327122892706004,True,False,False
rr1,full,Republican Party,"income:$30,000",1036,43.034749034749034,47.99822406845463,4.9634750337055955,3.7933480447953545,6.133602022615836,31.327122892706004,True,True,False
rr1,full,Republican Party,"income:more than $150,000",418,38.645933014354064,50.26264677572389,11.616713761369823,10.036652706062185,13.196774816677461,31.327122892706004,True,False,False
rr1,full,Republican Party,raceth:Hispanic,610,39.450819672131146,43.89533069852059,4.444511026389444,3.010925485890496,5.8780965668883915,31.327122892706004,True,True,False
rr1,full,Republican Party,raceth:non-Hispanic black,547,25.857404021937842,31.04408190261767,5.186677880679826,3.644231718753084,6.729124042606569,31.327122892706004,True,False,False
rr1,full,Republican Party,raceth:non-Hispanic white,6297,45.58821661108465,53.171042079248416,7.582825468163782,7.164022968949585,8.00162796737798,31.327122892706004,True,False,False
rr1,full,Black Americans,all,6876,71.65386852821408,74.87962632238367,3.2257577941696063,2.828640239203801,3.6228753491354118,20.189337265352,True,True,False
rr1,full,Black Americans,PID:Democrat,2363,77.86415573423614,85.14338772423399,7.279231989997861,6.664871571760859,7.893592408234863,20.189337265352,True,False,False
rr1,full,Black Americans,PID:Republican,2320,66.63491379310345,63.690063840677965,-2.944849952425492,-3.63887337167134,-2.2508265331796435,20.189337265352,True,True,False
rr1,full,Black Americans,agegrp:18-29,745,73.75973154362416,77.3174474580309,3.5577159144067307,2.3140750582012024,4.801356770612259,20.189337265352,True,False,False
rr1,full,Black Americans,agegrp:65+,2011,71.29885629040278,73.4696312480798,2.17077495767702,1.477361412124659,2.8641885032293812,20.189337265352,True,True,False
rr1,full,Black Americans,education:a bachelor's degree or more,3456,73.32725694444444,76.62445408428509,3.2971971398406366,2.763265881733731,3.831128397947542,20.189337265352,True,True,False
rr1,full,Black Americans,education:a high school diploma,1529,68.44604316546763,72.0649335348431,3.618890369375484,2.7265273877708998,4.511253350980068,20.189337265352,True,False,False
rr1,full,Black Americans,gender:female,3627,74.17342156051834,76.42165558975304,2.2482340292347174,1.6982710301731694,2.7981970282962654,20.189337265352,True,True,False
rr1,full,Black Americans,gender:male,3249,68.84118190212374,73.15819198789656,4.31701008577282,3.7446246958200686,4.889395475725571,20.189337265352,True,False,False
rr1,full,Black Americans,"income:$30,000",941,71.33581296493092,74.45228540830333,3.116472443372414,1.920489427369949,4.3124554593748785,20.189337265352,True,False,False
rr1,full,Black Americans,"income:more than $150,000",381,72.41994750656168,75.9098142080677,3.4898667015060276,1.8373607394785456,5.14237266353351,20.189337265352,True,False,False
rr1,full,Black Americans,raceth:Hispanic,539,73.62337662337663,77.70122143546655,4.077844812089917,2.5738856723513335,5.5818039518285,20.189337265352,True,False,False
rr1,full,Black Americans,raceth:non-Hispanic black,491,86.30346232179227,88.8300446368093,2.526582315017046,1.1833489009281855,3.8698157291059068,20.189337265352,True,True,False
rr1,full,Black Americans,raceth:non-Hispanic white,5846,70.24187478617858,73.44779341811844,3.2059186319398525,2.7743811268915466,3.6374561369881584,20.189337265352,True,True,False
rr1,full,White Americans,all,6860,71.70495626822158,66.60188155273103,-5.10307471549055,-5.500615739681067,-4.705533691300032,19.523813712086284,True,False,False
rr1,full,White Americans,PID:Democrat,2358,70.10856658184902,63.13872657228021,-6.969840009568809,-7.670639606390777,-6.2690404127468415,19.523813712086284,True,False,False
rr1,full,White Americans,PID:Republican,2312,74.47058823529412,73.38370570409695,-1.0868825311971682,-1.7328985178691214,-0.440866544525215,19.523813712086284,True,True,False
rr1,full,White Americans,agegrp:18-29,747,66.6144578313253,64.43558937816918,-2.1788684531561215,-3.5312473459789375,-0.8264895603333058,19.523813712086284,True,True,False
rr1,full,White Americans,agegrp:65+,1994,75.7457372116349,68.47034304471856,-7.275394166916353,-7.942574025423904,-6.608214308408802,19.523813712086284,True,False,False
rr1,full,White Americans,education:a bachelor's degree or more,3450,71.89304347826086,66.67377946226367,-5.2192640159972035,-5.762707282542183,-4.675820749452224,19.523813712086284,True,False,False
rr1,full,White Americans,education:a high school diploma,1527,70.95677799607073,66.76485008765799,-4.191927908412731,-5.05858286834162,-3.325272948483842,19.523813712086284,True,False,False
rr1,full,White Americans,gender:female,3627,72.80700303280949,66.19759912031611,-6.609403912493374,-7.170092264587365,-6.0487155603993825,19.523813712086284,True,False,False
rr1,full,White Americans,gender:male,3233,70.46860501082585,67.05543317115628,-3.413171839669567,-3.9712575749709624,-2.8550861043681715,19.523813712086284,True,False,False
rr1,full,White Americans,"income:$30,000",936,69.38995726495726,64.04353040170285,-5.34642686325442,-6.534035382877247,-4.1588183436315935,19.523813712086284,True,False,False
rr1,full,White Americans,"income:more than $150,000",380,71.65789473684211,67.90875371935014,-3.7491410174919575,-5.459234941223839,-2.0390470937600766,19.523813712086284,True,False,False
rr1,full,White Americans,raceth:Hispanic,542,69.25092250922509,63.96473557756593,-5.28618693165916,-6.798605572137575,-3.7737682911807457,19.523813712086284,True,False,False
rr1,full,White Americans,raceth:non-Hispanic black,490,66.71020408163265,62.18862033452212,-4.521583747110528,-6.370498093162885,-2.6726694010581706,19.523813712086284,True,False,False
rr1,full,White Americans,raceth:non-Hispanic white,5828,72.35312285518188,67.21818750939916,-5.13493534578273,-5.553366320327758,-4.716504371237702,19.523813712086284,True,False,False
rr1,full,Asian Americans,all,4487,71.46021840873635,69.728174900824,-1.7320435079123488,-2.203674221987312,-1.2604127938373857,19.51366251477454,True,True,False
rr1,full,Asian Americans,PID:Democrat,1555,74.72861736334406,74.10284328176438,-0.6257740815796662,-1.4287421462688348,0.1771939831095024,19.51366251477454,True,True,False
rr1,full,Asian Americans,PID:Republican,1503,68.46640053226879,66.9091831691825,-1.557217363086287,-2.367630439700563,-0.746804286472011,19.51366251477454,True,True,False
rr1,full,Asian Americans,agegrp:18-29,502,71.99601593625498,69.80730032876941,-2.1887156074855585,-3.70807259427752,-0.6693586206935971,19.51366251477454,True,True,False
rr1,full,Asian Americans,agegrp:65+,1249,72.23939151321056,70.03698113064868,-2.202410382561883,-2.997977491322231,-1.406843273801535,19.51366251477454,True,True,False
rr1,full,Asian Americans,education:a bachelor's degree or more,2224,73.99730215827338,71.33915522117921,-2.658146937094174,-3.297578599149237,-2.0187152750391113,19.51366251477454,True,True,False
rr1,full,Asian Americans,education:a high school diploma,1014,66.9516765285996,67.3697465073821,0.4180699787824942,-0.615458351290096,1.4515983088550843,19.51366251477454,True,True,False
rr1,full,Asian Americans,gender:female,2358,72.30958439355386,70.39084796080584,-1.9187364327480243,-2.592370827821648,-1.2451020376744006,19.51366251477454,True,True,False
rr1,full,Asian Americans,gender:male,2129,70.51949271958667,68.99422324491177,-1.5252694746749025,-2.182140942609848,-0.8683980067399569,19.51366251477454,True,True,False
rr1,full,Asian Americans,"income:$30,000",565,68.81769911504425,67.5065063137816,-1.3111928012626344,-2.7763023880835065,0.15391678555823773,19.51366251477454,True,True,False
rr1,full,Asian Americans,"income:more than $150,000",239,73.5397489539749,72.21735041545126,-1.3223985385236274,-3.316228940542477,0.6714318634952221,19.51366251477454,True,True,False
rr1,full,Asian Americans,raceth:Hispanic,355,73.3943661971831,69.9710317624765,-3.423334434706597,-5.146278715095264,-1.700390154317931,19.51366251477454,True,False,False
rr1,full,Asian Americans,raceth:non-Hispanic black,329,70.91489361702128,70.52688195227473,-0.38801166474654614,-2.594997577008602,1.81897424751551,19.51366251477454,True,True,False
rr1,full,Asian Americans,raceth:non-Hispanic white,3803,71.3268472258743,69.6364081888035,-1.6904390370708002,-2.1876327004035767,-1.1932453737380235,19.51366251477454,True,True,False
rr1,full,Gays and Lesbians,all,7008,64.83775684931507,67.526167305223,2.688410455907926,2.1977085671317353,3.1791123446841163,26.404804848209423,True,True,False
rr1,full,Gays and Lesbians,PID:Democrat,2421,76.75588599752169,88.68280254500105,11.926916547479367,11.198992821100756,12.654840273857978,26.404804848209423,True,False,False
rr1,full,Gays and Lesbians,PID:Republican,2346,51.87638533674339,43.11860409372404,-8.757781243019359,-9.627064459908702,-7.888498026130015,26.404804848209423,True,False,False
rr1,full,Gays and Lesbians,agegrp:18-29,765,72.47058823529412,73.19847787503082,0.7278896397367008,-0.7701526754176965,2.2259319548910983,26.404804848209423,True,True,False
rr1,full,Gays and Lesbians,agegrp:65+,2045,60.45232273838631,64.56517557085233,4.112852832466025,3.238441366152227,4.987264298779824,26.404804848209423,True,True,False
rr1,full,Gays and Lesbians,education:a bachelor's degree or more,3512,69.24601366742597,70.95565513257792,1.709641465151951,1.076184085175497,2.343098845128405,26.404804848209423,True,True,False
rr1,full,Gays and Lesbians,education:a high school diploma,1574,57.87738246505718,62.69037012467715,4.81298765961997,3.6439770080037137,5.981998311236226,26.404804848209423,True,False,False
rr1,full,Gays and Lesbians,gender:female,3708,68.76402373247033,70.5159319627492,1.7519082302788769,1.077378275208191,2.4264381853495625,26.404804848209423,True,True,False
rr1,full,Gays and Lesbians,gender:male,3300,60.42606060606061,64.16675901731172,3.740698411251112,3.026624800184957,4.454772022317267,26.404804848209423,True,True,False
rr1,full,Gays and Lesbians,"income:$30,000",962,62.17775467775468,67.78744291389242,5.6096882361377505,4.0871862102747025,7.132190262000798,26.404804848209423,True,False,False
rr1,full,Gays and Lesbians,"income:more than $150,000",393,71.38676844783716,69.68493112332436,-1.701837324512791,-3.7475536087495893,0.3438789597240077,26.404804848209423,True,True,False
rr1,full,Gays and Lesbians,raceth:Hispanic,554,67.1028880866426,74.2010659122185,7.098177825575893,5.253379573580725,8.94297607757106,26.404804848209423,True,False,False
rr1,full,Gays and Lesbians,raceth:non-Hispanic black,508,63.561023622047244,83.35416776935217,19.793144147304925,17.765747869940753,21.820540424669097,26.404804848209423,False,False,True
rr1,full,Gays and Lesbians,raceth:non-Hispanic white,5946,64.73578876555668,65.55197994160828,0.8161911760515972,0.305062816519601,1.3273195355835934,26.404804848209423,True,True,False
rr1,full,Muslims,all,6828,56.927357937902755,50.27310525366047,-6.65425268424228,-7.112050603886346,-6.196454764598214,24.140153880498193,True,False,False
rr1,full,Muslims,PID:Democrat,2321,67.65833692373977,68.89599063796594,1.2376537142261785,0.5512970567987668,1.9240103716535901,24.140153880498193,True,True,False
rr1,full,Muslims,PID:Republican,2310,45.354112554112554,30.635877541154397,-14.718235012958162,-15.539057205644236,-13.89741282027209,24.140153880498193,False,False,True
rr1,full,Muslims,agegrp:18-29,711,62.14627285513362,54.41246934555657,-7.733803509577043,-9.21347315707621,-6.254133862077875,24.140153880498193,True,False,False
rr1,full,Muslims,agegrp:65+,2008,54.82121513944223,48.245670841381994,-6.575544298060243,-7.377230205299306,-5.77385839082118,24.140153880498193,True,False,False
rr1,full,Muslims,education:a bachelor's degree or more,3421,60.86992107570886,53.523675071846235,-7.34624600386262,-7.974438784502726,-6.7180532232225145,24.140153880498193,True,False,False
rr1,full,Muslims,education:a high school diploma,1543,51.11276733635774,45.80655296271639,-5.306214373641351,-6.313640766193144,-4.298787981089559,24.140153880498193,True,False,False
rr1,full,Muslims,gender:female,3586,59.54127161182376,53.00752147690272,-6.533750134921039,-7.1622990359771235,-5.905201233864955,24.140153880498193,True,False,False
rr1,full,Muslims,gender:male,3242,54.036088834053054,47.248547395379575,-6.787541438673486,-7.455652719715765,-6.119430157631207,24.140153880498193,True,False,False
rr1,full,Muslims,"income:$30,000",937,55.7812166488794,50.71018485681744,-5.071031792061961,-6.424860365481625,-3.7172032186422976,24.140153880498193,True,False,False
rr1,full,Muslims,"income:more than $150,000",384,60.34375,52.67169694056489,-7.6720530594351,-9.756295255740806,-5.587810863129394,24.140153880498193,True,False,False
rr1,full,Muslims,raceth:Hispanic,531,60.41242937853107,56.29589068162093,-4.1165386969101405,-5.797116039751295,-2.4359613540689864,24.140153880498193,True,False,False
rr1,full,Muslims,raceth:non-Hispanic black,485,65.23711340206185,63.5793126227762,-1.6578007792856606,-3.371062780856684,0.055461222285362766,24.140153880498193,True,True,False
rr1,full,Muslims,raceth:non-Hispanic white,5812,55.9155196145905,48.61247042291922,-7.303049191671277,-7.796899490429029,-6.809198892913525,24.140153880498193,True,False,False
rr1,full,Jews,all,6988,74.73568975386377,72.89610536332272,-1.839584390541056,-2.23594965931915,-1.4432191217629622,20.56493803877432,True,True,False
rr1,full,Jews,PID:Democrat,2409,77.5060190950602,75.1358504881076,-2.3701686069525882,-3.0391559178845124,-1.7011812960206638,20.56493803877432,True,True,False
rr1,full,Jews,PID:Republican,2346,74.30690537084399,74.52712328301178,0.22021791216780126,-0.46685616497403626,0.9072919893096388,20.56493803877432,True,True,False
rr1,full,Jews,agegrp:18-29,762,72.4737532808399,71.61007495281154,-0.8636783280283532,-2.251849711221647,0.5244930551649404,20.56493803877432,True,True,False
rr1,full,Jews,agegrp:65+,2046,77.37243401759531,74.18317241349219,-3.1892616041031285,-3.8379982956817913,-2.5405249125244658,20.56493803877432,True,True,False
rr1,full,Jews,education:a bachelor's degree or more,3508,76.87770809578107,74.26751354572417,-2.6101945500569075,-3.138920492032332,-2.081468608081483,20.56493803877432,True,True,False
rr1,full,Jews,education:a high school diploma,1567,70.93746011486918,71.07264083409366,0.1351807192244782,-0.7683389936021447,1.038700432051101,20.56493803877432,True,True,False
rr1,full,Jews,gender:female,3700,76.63081081081081,73.52035230616703,-3.110458504643786,-3.661373193848809,-2.5595438154387624,20.56493803877432,True,True,False
rr1,full,Jews,gender:male,3288,72.60310218978103,72.1936376964967,-0.4094644932843343,-0.9771090687804797,0.158180082211811,20.56493803877432,True,True,False
rr1,full,Jews,"income:$30,000",961,73.13943808532778,70.12497168770452,-3.0144663976232713,-4.224622267539517,-1.8043105277070257,20.56493803877432,True,False,False
rr1,full,Jews,"income:more than $150,000",395,77.4126582278481,75.16277079979454,-2.2498874280535532,-3.825117886724361,-0.6746569693827451,20.56493803877432,True,True,False
rr1,full,Jews,raceth:Hispanic,552,73.5018115942029,71.20415902561639,-2.297652568586521,-3.740648832999707,-0.8546563041733344,20.56493803877432,True,True,False
rr1,full,Jews,raceth:non-Hispanic black,505,70.45742574257426,70.92380215739702,0.46637641482276243,-1.2677210916681494,2.2004739213136744,20.56493803877432,True,True,False
rr1,full,Jews,raceth:non-Hispanic white,5931,75.21480357443939,73.2215087518586,-1.9932948225807847,-2.4153182215395725,-1.571271423621997,20.56493803877432,True,True,False
rr1,full,Liberals,all,7031,50.8189446735884,54.14308609259412,3.3241414190057235,2.9105162557793354,3.7377665822321116,29.437255201905568,True,True,False
rr1,full,Liberals,PID:Democrat,2423,73.115971935617,84.73719912945305,11.62122719383604,11.031857291836502,12.210597095835578,29.437255201905568,True,False,False
rr1,full,Liberals,PID:Republican,2361,27.509953409572216,22.490351936218598,-5.019601473353617,-5.735510264069737,-4.3036926826374975,29.437255201905568,True,True,False
rr1,full,Liberals,agegrp:18-29,764,54.92931937172775,59.937000525606116,5.0076811538783685,3.6337923922233446,6.381569915533392,29.437255201905568,True,False,False
rr1,full,Liberals,agegrp:65+,2052,49.84892787524367,51.457607685760884,1.6086798105172135,0.8993687702675807,2.3179908507668463,29.437255201905568,True,True,False
rr1,full,Liberals,education:a bachelor's degree or more,3531,55.07051826677995,58.58844219553432,3.517923928754364,2.9686489178063833,4.067198939702346,29.437255201905568,True,True,False
rr1,full,Liberals,education:a high school diploma,1570,44.89363057324841,48.57292086831358,3.679290295065172,2.695916681985752,4.662663908144592,29.437255201905568,True,True,False
rr1,full,Liberals,gender:female,3713,54.11015351467816,58.1816018902258,4.07144837554764,3.4968701430564986,4.646026608038782,29.437255201905568,True,True,False
rr1,full,Liberals,gender:male,3318,47.13592525617842,49.623794604768186,2.487869348589767,1.89302291899916,3.0827157781803742,29.437255201905568,True,True,False
rr1,full,Liberals,"income:$30,000",967,50.743536711478804,55.6040313788928,4.860494667413997,3.633413107891389,6.087576226936605,29.437255201905568,True,False,False
rr1,full,Liberals,"income:more than $150,000",394,53.40862944162436,55.37382159382851,1.965192152204141,0.31185763510346565,3.618526669304816,29.437255201905568,True,True,False
rr1,full,Liberals,raceth:Hispanic,556,56.45323741007194,62.08143276123522,5.6281953511632805,4.028574488190427,7.227816214136134,29.437255201905568,True,False,False
rr1,full,Liberals,raceth:non-Hispanic black,510,63.64313725490196,75.54456235072347,11.901425095821516,10.163190648646824,13.639659542996208,29.437255201905568,True,False,False
rr1,full,Liberals,raceth:non-Hispanic white,5965,49.19731768650461,51.57335036092431,2.376032674419695,1.94016925662217,2.8118960922172205,29.437255201905568,True,True,False
rr1,full,Conservatives,all,7031,55.823780401080924,52.414056206670956,-3.4097241944099816,-3.8104768024847893,-3.008971586335174,27.825489158860503,True,True,False
rr1,full,Conservatives,PID:Democrat,2418,37.25268817204301,29.02084258500047,-8.231845587042544,-8.95709409509316,-7.50659707899193,27.825489158860503,True,False,False
rr1,full,Conservatives,PID:Republican,2364,77.08798646362098,78.96939307561614,1.8814066119951514,1.2871982378779556,2.475614986112347,27.825489158860503,True,True,False
rr1,full,Conservatives,agegrp:18-29,761,49.776609724047304,47.46846709586702,-2.308142628180289,-3.5939632954596554,-1.022321960900922,27.825489158860503,True,True,False
rr1,full,Conservatives,agegrp:65+,2053,61.02679006332197,55.078160781275976,-5.948629282045994,-6.643635301539047,-5.253623262552941,27.825489158860503,True,False,False
rr1,full,Conservatives,education:a bachelor's degree or more,3524,51.601305334846764,49.41276461742259,-2.1885407174241815,-2.7223909042827175,-1.6546905305656456,27.825489158860503,True,True,False
rr1,full,Conservatives,education:a high school diploma,1580,60.88670886075949,55.90445142929489,-4.9822574314646015,-5.893304403334668,-4.071210459594535,27.825489158860503,True,False,False
rr1,full,Conservatives,gender:female,3718,55.226465841850455,49.67583364989136,-5.5506321919590995,-6.1044502225314545,-4.9968141613867445,27.825489158860503,True,False,False
rr1,full,Conservatives,gender:male,3313,56.49411409598551,55.487014693271156,-1.0070994027143507,-1.5800225000961392,-0.43417630533256235,27.825489158860503,True,True,False
rr1,full,Conservatives,"income:$30,000",964,55.75311203319502,49.864540259565864,-5.888571773629156,-7.167192688647407,-4.6099508586109055,27.825489158860503,True,False,False
rr1,full,Conservatives,"income:more than $150,000",395,51.164556962025316,51.98615888056472,0.8216019185394071,-0.7797356019814362,2.4229394390602503,27.825489158860503,True,True,False
rr1,full,Conservatives,raceth:Hispanic,556,52.24820143884892,46.16048175886851,-6.087719679980408,-7.65440851137855,-4.5210308485822654,27.825489158860503,True,False,False
rr1,full,Conservatives,raceth:non-Hispanic black,512,47.884765625,34.56006124594183,-13.324704379058172,-15.106163392580095,-11.543245365536249,27.825489158860503,False,False,False
rr1,full,Conservatives,raceth:non-Hispanic white,5963,56.8388395103136,54.53014421822075,-2.3086952920928536,-2.7257629356486883,-1.891627648537019,27.825489158860503,True,True,False
rr1,full,Christians,all,6357,70.67248702218028,67.59122052300798,-3.081266499172304,-3.5410508497828808,-2.6214821485617277,23.917429671660635,True,True,False
rr1,full,Christians,PID:Democrat,2244,63.95187165775401,62.98465290258118,-0.967218755172833,-1.8278055577464674,-0.10663195259919844,23.917429671660635,True,True,False
rr1,full,Christians,PID:Republican,2035,81.76117936117936,76.98788755224477,-4.773291808934589,-5.424906121793789,-4.121677496075389,23.917429671660635,True,False,False
rr1,full,Christians,agegrp:18-29,687,63.40320232896652,64.66231190027382,1.2591095713073048,-0.24749289326682233,2.7657120358814318,23.917429671660635,True,True,False
rr1,full,Christians,agegrp:65+,1855,76.4021563342318,69.77440478293315,-6.627751551298658,-7.365701601207933,-5.889801501389384,23.917429671660635,True,False,False
rr1,full,Christians,education:a bachelor's degree or more,3247,68.85432707114259,67.51521941287363,-1.3391076582689583,-1.976160521666404,-0.7020547948715126,23.917429671660635,True,True,False
rr1,full,Christians,education:a high school diploma,1385,73.05848375451264,67.79289160982943,-5.265592144683211,-6.245555926687474,-4.285628362678948,23.917429671660635,True,False,False
rr1,full,Christians,gender:female,3317,71.97497738920711,67.09107485504639,-4.883902534160732,-5.523554886600469,-4.244250181720994,23.917429671660635,True,False,False
rr1,full,Christians,gender:male,3040,69.25131578947368,68.13693867453053,-1.1143771149431554,-1.7707622367742428,-0.45799199311206806,23.917429671660635,True,True,False
rr1,full,Christians,"income:$30,000",884,70.28506787330316,65.02139138954011,-5.263676483763052,-6.637806366938014,-3.88954660058809,23.917429671660635,True,False,False
rr1,full,Christians,"income:more than $150,000",372,67.01612903225806,69.11579701157544,2.0996679793173763,0.15763137154761608,4.041704587087136,23.917429671660635,True,True,False
rr1,full,Christians,raceth:Hispanic,502,67.97011952191235,64.58245483024697,-3.3876646916653845,-4.967176133553432,-1.8081532497773374,23.917429671660635,True,False,False
rr1,full,Christians,raceth:non-Hispanic black,445,74.08314606741573,61.42734805228381,-12.655798015131918,-14.548670088505048,-10.762925941758787,23.917429671660635,False,False,False
rr1,full,Christians,raceth:non-Hispanic white,5410,70.64269870609982,68.37741712693371,-2.265281579166101,-2.7573730064761506,-1.773190151856052,23.917429671660635,True,True,False
rr1,pol,Democratic Party,all,7468,44.533074450990895,53.442596497860215,8.90952204686933,8.524896591567225,9.294147502171436,31.893720890638967,True,False,False
rr1,pol,Democratic Party,PID:Democrat,2553,74.10497453975715,83.68774269379709,9.582768154039943,9.003601286321892,10.161935021757994,31.893720890638967,True,False,False
rr1,pol,Democratic Party,PID:Republican,2527,17.15156311832212,22.021460110848814,4.869896992526696,4.259357731557672,5.4804362534957205,31.893720890638967,True,True,False
rr1,pol,Democratic Party,agegrp:18-29,825,46.97090909090909,58.57130773425775,11.600398643348658,10.303492410543393,12.897304876153923,31.893720890638967,True,False,False
rr1,pol,Democratic Party,agegrp:65+,2149,43.96928804094928,51.0392264697871,7.0699384288378235,6.388397487426722,7.751479370248925,31.893720890638967,True,False,False
rr1,pol,Democratic Party,education:a bachelor's degree or more,3706,47.386130599028604,57.23808992919985,9.851959330171244,9.331395926258073,10.372522734084415,31.893720890638967,True,False,False
rr1,pol,Democratic Party,education:a high school diploma,1704,41.69424882629108,49.29351679471766,7.599267968426581,6.732396140993757,8.466139795859405,31.893720890638967,True,False,False
rr1,pol,Democratic Party,gender:female,3932,48.056968463886065,56.19065338137448,8.133684917488418,7.611261448202684,8.656108386774154,31.893720890638967,True,False,False
rr1,pol,Democratic Party,gender:male,3536,40.61453619909502,50.386782112685445,9.772245913590414,9.205324788563262,10.339167038617566,31.893720890638967,True,False,False
rr1,pol,Democratic Party,"income:$30,000",1037,47.95178399228544,56.0493386999365,8.097554707651058,6.9214644529252265,9.27364496237689,31.893720890638967,True,False,False
rr1,pol,Democratic Party,"income:more than $150,000",417,43.983213429256594,55.258868997962296,11.275655568705703,9.799369335066425,12.751941802344982,31.893720890638967,True,False,False
rr1,pol,Democratic Party,raceth:Hispanic,613,54.566068515497555,59.117268391119026,4.551199875621482,3.05388095681998,6.048518794422985,31.893720890638967,True,True,False
rr1,pol,Democratic Party,raceth:non-Hispanic black,548,70.93065693430657,72.75273644890753,1.8220795146009645,0.3228900687082612,3.3212689604936676,31.893720890638967,True,True,False
rr1,pol,Democratic Party,raceth:non-Hispanic white,6307,41.264309497383856,51.2132433087463,9.948933811362433,9.54125255675381,10.356615065971058,31.893720890638967,True,False,False
rr1,pol,Republican Party,all,7454,43.6380466863429,49.14692298747643,5.508876301133528,5.122045042464004,5.895707559803052,31.327122892706004,True,True,False
rr1,pol,Republican Party,PID:Democrat,2550,18.934901960784313,22.786478880268348,3.8515769194840344,3.2394090461351217,4.463744792832947,31.327122892706004,True,True,False
rr1,pol,Republican Party,PID:Republican,2523,72.45263575108997,78.06471575596555,5.612080004875571,4.972347992862518,6.251812016888624,31.327122892706004,True,True,False
rr1,pol,Republican Party,agegrp:18-29,826,40.624697336561745,44.639157349185815,4.014460012624076,2.7795655431358437,5.249354482112308,31.327122892706004,True,True,False
rr1,pol,Republican Party,agegrp:65+,2145,45.63030303030303,51.521267307468605,5.890964277165574,5.163012309909442,6.6189162444217065,31.327122892706004,True,False,False
rr1,pol,Republican Party,education:a bachelor's degree or more,3696,38.053030303030305,45.78212261328469,7.72909231025439,7.217514956111024,8.240669664397757,31.327122892706004,True,False,False
rr1,pol,Republican Party,education:a high school diploma,1700,50.26117647058823,52.78896266200097,2.5277861914127326,1.667388325145401,3.388184057680064,31.327122892706004,True,True,False
rr1,pol,Republican Party,gender:female,3932,43.038148524923706,46.7499934964943,3.711844971570597,3.1881714180542935,4.235518525086901,31.327122892706004,True,True,False
rr1,pol,Republican Party,gender:male,3522,44.30777967064168,51.822881749129394,7.515102078487714,6.947044854976304,8.083159301999125,31.327122892706004,True,False,False
rr1,pol,Republican Party,"income:$30,000",1036,43.034749034749034,47.320439714699155,4.285690679950115,3.1023980362180423,5.4689833236821865,31.327122892706004,True,True,False
rr1,pol,Republican Party,"income:more than $150,000",418,38.645933014354064,48.25162016693208,9.605687152578012,8.040968834287336,11.170405470868689,31.327122892706004,True,False,False
rr1,pol,Republican Party,raceth:Hispanic,610,39.450819672131146,44.051741980343515,4.600922308212363,3.164436732837248,6.037407883587478,31.327122892706004,True,True,False
rr1,pol,Republican Party,raceth:non-Hispanic black,547,25.857404021937842,32.52005252024519,6.662648498307341,5.091389620186944,8.233907376427737,31.327122892706004,True,False,False
rr1,pol,Republican Party,raceth:non-Hispanic white,6297,45.58821661108465,51.08482334636583,5.496606735281191,5.082280640435428,5.910932830126955,31.327122892706004,True,True,False
rr1,pol,Black Americans,all,6876,71.65386852821408,74.79128245651141,3.1374139282973297,2.7255134878437337,3.5493143687509257,20.189337265352,True,True,False
rr1,pol,Black Americans,PID:Democrat,2363,77.86415573423614,85.8815803492144,8.017424614978259,7.384969974615885,8.649879255340633,20.189337265352,True,False,False
rr1,pol,Black Americans,PID:Republican,2320,66.63491379310345,62.071918148903556,-4.562995644199881,-5.265619928870227,-3.860371359529535,20.189337265352,True,False,False
rr1,pol,Black Americans,agegrp:18-29,745,73.75973154362416,76.7407503154082,2.9810187717840506,1.688493107227006,4.273544436341095,20.189337265352,True,False,False
rr1,pol,Black Americans,agegrp:65+,2011,71.29885629040278,73.9139706667454,2.615114376342618,1.8935248496672399,3.3367039030179964,20.189337265352,True,True,False
rr1,pol,Black Americans,education:a bachelor's degree or more,3456,73.32725694444444,76.24183097821559,2.9145740337711468,2.3627793424189765,3.466368725123317,20.189337265352,True,True,False
rr1,pol,Black Americans,education:a high school diploma,1529,68.44604316546763,73.11382928156664,4.667786116099007,3.7393164875965583,5.596255744601456,20.189337265352,True,False,False
rr1,pol,Black Americans,gender:female,3627,74.17342156051834,75.78962981566463,1.616208255146296,1.0523608619042761,2.180055648388316,20.189337265352,True,True,False
rr1,pol,Black Americans,gender:male,3249,68.84118190212374,73.67678388105782,4.83560197893408,4.236224534038172,5.434979423829988,20.189337265352,True,False,False
rr1,pol,Black Americans,"income:$30,000",941,71.33581296493092,76.02976645257671,4.693953487645765,3.4674196357273477,5.920487339564183,20.189337265352,True,False,False
rr1,pol,Black Americans,"income:more than $150,000",381,72.41994750656168,75.73394468426005,3.3139971776983743,1.6025386857143353,5.0254556696824135,20.189337265352,True,False,False
rr1,pol,Black Americans,raceth:Hispanic,539,73.62337662337663,77.30743506611547,3.6840584427388596,2.1560382205480932,5.212078664929626,20.189337265352,True,False,False
rr1,pol,Black Americans,raceth:non-Hispanic black,491,86.30346232179227,82.52493925296709,-3.778523068825182,-5.149519452800707,-2.407526684849657,20.189337265352,True,False,False
rr1,pol,Black Americans,raceth:non-Hispanic white,5846,70.24187478617858,73.90975119690889,3.667876410730304,3.2210339195545106,4.114718901906098,20.189337265352,True,False,False
rr1,pol,White Americans,all,6860,71.70495626822158,65.62388617693165,-6.0810700912899325,-6.473011765912433,-5.689128416667432,19.523813712086284,True,False,False
rr1,pol,White Americans,PID:Democrat,2358,70.10856658184902,63.902589985566806,-6.205976596282217,-6.90889670848769,-5.503056484076744,19.523813712086284,True,False,False
rr1,pol,White Americans,PID:Republican,2312,74.47058823529412,69.68877651938746,-4.781811715906664,-5.411443161001256,-4.152180270812072,19.523813712086284,True,False,False
rr1,pol,White Americans,agegrp:18-29,747,66.6144578313253,65.17177950401093,-1.4426783273143662,-2.7967336410330583,-0.08862301359567382,19.523813712086284,True,True,False
rr1,pol,White Americans,agegrp:65+,1994,75.7457372116349,66.21909987315965,-9.526637338475258,-10.164810500707613,-8.888464176242902,19.523813712086284,False,False,False
rr1,pol,White Americans,education:a bachelor's degree or more,3450,71.89304347826086,65.3687119266217,-6.52433155163918,-7.059273659243557,-5.989389444034803,19.523813712086284,True,False,False
rr1,pol,White Americans,education:a high school diploma,1527,70.95677799607073,65.83890627369428,-5.1178717223764405,-5.974088289717347,-4.261655155035534,19.523813712086284,True,False,False
rr1,pol,White Americans,gender:female,3627,72.80700303280949,65.50173282448067,-7.305270208328822,-7.856085721144705,-6.754454695512939,19.523813712086284,True,False,False
rr1,pol,White Americans,gender:male,3233,70.46860501082585,65.76092614270328,-4.707678868122578,-5.261664825271329,-4.1536929109738265,19.523813712086284,True,False,False
rr1,pol,White Americans,"income:$30,000",936,69.38995726495726,65.36837220705543,-4.02158505790184,-5.2139383271093465,-2.829231788694333,19.523813712086284,True,False,False
rr1,pol,White Americans,"income:more than $150,000",380,71.65789473684211,65.8451895519942,-5.812705184847906,-7.488179105721852,-4.13723126397396,19.523813712086284,True,False,False
rr1,pol,White Americans,raceth:Hispanic,542,69.25092250922509,64.6427517389543,-4.608170770270788,-6.122806970286513,-3.0935345702550623,19.523813712086284,True,False,False
rr1,pol,White Americans,raceth:non-Hispanic black,490,66.71020408163265,63.77153424800417,-2.93866983362848,-4.763969411990832,-1.113370255266128,19.523813712086284,True,False,False
rr1,pol,White Americans,raceth:non-Hispanic white,5828,72.35312285518188,65.8708709591139,-6.482251896067985,-6.893317605647081,-6.071186186488889,19.523813712086284,True,False,False
rr1,pol,Asian Americans,all,4487,71.46021840873635,70.44943194559784,-1.0107864631385124,-1.4870625190072353,-0.5345104072697895,19.51366251477454,True,True,False
rr1,pol,Asian Americans,PID:Democrat,1555,74.72861736334406,75.39946463038694,0.6708472670428927,-0.1384401194248185,1.480134653510604,19.51366251477454,True,True,False
rr1,pol,Asian Americans,PID:Republican,1503,68.46640053226879,66.45981889298952,-2.0065816392792777,-2.8191084124076347,-1.1940548661509207,19.51366251477454,True,True,False
rr1,pol,Asian Americans,agegrp:18-29,502,71.99601593625498,70.7311173765137,-1.2648985597412765,-2.7935402191776486,0.26374309969509535,19.51366251477454,True,True,False
rr1,pol,Asian Americans,agegrp:65+,1249,72.23939151321056,70.55560237871062,-1.6837891344999407,-2.492839115466891,-0.8747391535329904,19.51366251477454,True,True,False
rr1,pol,Asian Americans,education:a bachelor's degree or more,2224,73.99730215827338,71.21016982318962,-2.7871323350837662,-3.431191562427611,-2.1430731077399217,19.51366251477454,True,True,False
rr1,pol,Asian Americans,education:a high school diploma,1014,66.9516765285996,69.39133684465402,2.4396603160544252,1.3951915832424606,3.48412904886639,19.51366251477454,True,True,False
rr1,pol,Asian Americans,gender:female,2358,72.30958439355386,70.91894941919182,-1.3906349743620483,-2.0698103481292884,-0.7114596005948084,19.51366251477454,True,True,False
rr1,pol,Asian Americans,gender:male,2129,70.51949271958667,69.92941212280094,-0.5900805967857191,-1.2545529376616293,0.07439174409019111,19.51366251477454,True,True,False
rr1,pol,Asian Americans,"income:$30,000",565,68.81769911504425,70.97974539234231,2.162046277298066,0.694930284645288,3.629162269950844,19.51366251477454,True,True,False
rr1,pol,Asian Americans,"income:more than $150,000",239,73.5397489539749,71.59429705534525,-1.9454518986296452,-3.9954943053341263,0.10459050807483594,19.51366251477454,True,False,False
rr1,pol,Asian Americans,raceth:Hispanic,355,73.3943661971831,70.94235651669388,-2.452009680489221,-4.171383330008262,-0.7326360309701796,19.51366251477454,True,False,False
rr1,pol,Asian Americans,raceth:non-Hispanic black,329,70.91489361702128,73.34521625081338,2.430322633792095,0.2291311224462329,4.631514145137958,19.51366251477454,True,False,False
rr1,pol,Asian Americans,raceth:non-Hispanic white,3803,71.3268472258743,70.15290255849423,-1.1739446673800769,-1.6769810066228956,-0.6709083281372582,19.51366251477454,True,True,False
rr1,pol,Gays and Lesbians,all,7008,64.83775684931507,68.40461543044633,3.566858581131253,3.0570245484662446,4.076692613796261,26.404804848209423,True,True,False
rr1,pol,Gays and Lesbians,PID:Democrat,2421,76.75588599752169,90.71882438306596,13.962938385544291,13.220111163874908,14.705765607213674,26.404804848209423,False,False,True
rr1,pol,Gays and Lesbians,PID:Republican,2346,51.87638533674339,43.08755376842591,-8.788831568317482,-9.669772748016294,-7.90789038861867,26.404804848209423,True,False,False
rr1,pol,Gays and Lesbians,agegrp:18-29,765,72.47058823529412,72.50783677100553,0.03724853571140684,-1.520582441085241,1.5950795125080546,26.404804848209423,True,True,False
rr1,pol,Gays and Lesbians,agegrp:65+,2045,60.45232273838631,66.57703167786391,6.124708939477599,5.224228413017351,7.025189465937847,26.404804848209423,True,False,False
rr1,pol,Gays and Lesbians,education:a bachelor's degree or more,3512,69.24601366742597,71.14069867403148,1.8946850066055283,1.2377665062953929,2.5516035069156637,26.404804848209423,True,True,False
rr1,pol,Gays and Lesbians,education:a high school diploma,1574,57.87738246505718,65.33297247271148,7.455590007654293,6.25602192285537,8.655158092453217,26.404804848209423,True,False,False
rr1,pol,Gays and Lesbians,gender:female,3708,68.76402373247033,70.51512337320462,1.7510996407342818,1.0583973732939072,2.4438019081746565,26.404804848209423,True,True,False
rr1,pol,Gays and Lesbians,gender:male,3300,60.42606060606061,66.03317196021973,5.607111354159124,4.8586876976226,6.355535010695648,26.404804848209423,True,False,False
rr1,pol,Gays and Lesbians,"income:$30,000",962,62.17775467775468,70.82822561442237,8.650470936667697,7.083439384107368,10.217502489228025,26.404804848209423,True,False,False
rr1,pol,Gays and Lesbians,"income:more than $150,000",393,71.38676844783716,69.71670154149663,-1.6700669063405202,-3.8079633595325983,0.46782954685155786,26.404804848209423,True,True,False
rr1,pol,Gays and Lesbians,raceth:Hispanic,554,67.1028880866426,73.38181172317054,6.278923636527943,4.385170894921455,8.172676378134431,26.404804848209423,True,False,False
rr1,pol,Gays and Lesbians,raceth:non-Hispanic black,508,63.561023622047244,83.72757723656844,20.16655361452118,18.08176095295719,22.251346276085172,26.404804848209423,False,False,True
rr1,pol,Gays and Lesbians,raceth:non-Hispanic white,5946,64.73578876555668,66.63175445774546,1.895965692188796,1.361141292901198,2.430790091476394,26.404804848209423,True,True,False
rr1,pol,Muslims,all,6828,56.927357937902755,51.84054204431689,-5.086815893585865,-5.550990450819463,-4.622641336352268,24.140153880498193,True,False,False
rr1,pol,Muslims,PID:Democrat,2321,67.65833692373977,70.60058780827349,2.9422508845337267,2.251376689143038,3.6331250799244157,24.140153880498193,True,True,False
rr1,pol,Muslims,PID:Republican,2310,45.354112554112554,32.14926840338853,-13.20484415072403,-14.03382920807347,-12.37585909337459,24.140153880498193,False,False,True
rr1,pol,Muslims,agegrp:18-29,711,62.14627285513362,54.830609729721665,-7.315663125411951,-8.82697422988854,-5.804352020935362,24.140153880498193,True,False,False
rr1,pol,Muslims,agegrp:65+,2008,54.82121513944223,50.60454910761815,-4.216666031824078,-5.027044510800187,-3.406287552847968,24.140153880498193,True,False,False
rr1,pol,Muslims,education:a bachelor's degree or more,3421,60.86992107570886,54.45694587667981,-6.4129751990290496,-7.045892920472977,-5.780057477585122,24.140153880498193,True,False,False
rr1,pol,Muslims,education:a high school diploma,1543,51.11276733635774,48.95279841741422,-2.1599689189435165,-3.1776353932773924,-1.1423024446096406,24.140153880498193,True,True,False
rr1,pol,Muslims,gender:female,3586,59.54127161182376,53.627409460784065,-5.9138621510397025,-6.54578373765152,-5.2819405644278845,24.140153880498193,True,False,False
rr1,pol,Muslims,gender:male,3242,54.036088834053054,49.86407487730539,-4.172013956747658,-4.854620283482446,-3.4894076300128694,24.140153880498193,True,False,False
rr1,pol,Muslims,"income:$30,000",937,55.7812166488794,53.961096978165784,-1.8201196707136225,-3.1840562655732505,-0.4561830758539944,24.140153880498193,True,True,False
rr1,pol,Muslims,"income:more than $150,000",384,60.34375,54.22414655140199,-6.119603448598023,-8.183129658062125,-4.056077239133922,24.140153880498193,True,False,False
rr1,pol,Muslims,raceth:Hispanic,531,60.41242937853107,55.26958796069915,-5.142841417831929,-6.827099476521201,-3.458583359142657,24.140153880498193,True,False,False
rr1,pol,Muslims,raceth:non-Hispanic black,485,65.23711340206185,63.870583352066255,-1.3665300499956057,-3.103648230517102,0.37058813052589046,24.140153880498193,True,True,False
rr1,pol,Muslims,raceth:non-Hispanic white,5812,55.9155196145905,50.523371807589875,-5.39214780700063,-5.894328843032792,-4.889966770968469,24.140153880498193,True,False,False
rr1,pol,Jews,all,6988,74.73568975386377,73.39284854056501,-1.3428412132987513,-1.7428368028580357,-0.9428456237394669,20.56493803877432,True,True,False
rr1,pol,Jews,PID:Democrat,2409,77.5060190950602,77.01433210064947,-0.49168699441072705,-1.1679382859018852,0.1845642970804312,20.56493803877432,True,True,False
rr1,pol,Jews,PID:Republican,2346,74.30690537084399,73.19545620505714,-1.1114491657868546,-1.8037260994507305,-0.4191722321229788,20.56493803877432,True,True,False
rr1,pol,Jews,agegrp:18-29,762,72.4737532808399,73.03884900842378,0.5650957275838908,-0.8268135925938258,1.9570050477616074,20.56493803877432,True,True,False
rr1,pol,Jews,agegrp:65+,2046,77.37243401759531,73.91541473066545,-3.457019286929867,-4.111400813596791,-2.802637760262942,20.56493803877432,True,True,False
rr1,pol,Jews,education:a bachelor's degree or more,3508,76.87770809578107,74.036552886883,-2.8411552088980705,-3.3738189926309543,-2.3084914251651867,20.56493803877432,True,True,False
rr1,pol,Jews,education:a high school diploma,1567,70.93746011486918,72.4749190514818,1.53745893661263,0.6257566344544266,2.449161238770833,20.56493803877432,True,True,False
rr1,pol,Jews,gender:female,3700,76.63081081081081,73.72077760521711,-2.910033205593702,-3.4641593584613775,-2.3559070527260264,20.56493803877432,True,True,False
rr1,pol,Jews,gender:male,3288,72.60310218978103,73.02382860771442,0.4207264179334012,-0.15297347214482632,0.9944263080116287,20.56493803877432,True,True,False
rr1,pol,Jews,"income:$30,000",961,73.13943808532778,73.23144362552121,0.09200554019342728,-1.1327074713128908,1.3167185516997453,20.56493803877432,True,True,False
rr1,pol,Jews,"income:more than $150,000",395,77.4126582278481,74.23277324444297,-3.1798849834051226,-4.755789079922957,-1.603980886887288,20.56493803877432,True,False,False
rr1,pol,Jews,raceth:Hispanic,552,73.5018115942029,72.84460145394729,-0.6572101402556108,-2.100743104852365,0.7863228243411435,20.56493803877432,True,True,False
rr1,pol,Jews,raceth:non-Hispanic black,505,70.45742574257426,74.19690912526926,3.739483382694994,1.9961908954926721,5.482775869897315,20.56493803877432,True,False,False
rr1,pol,Jews,raceth:non-Hispanic white,5931,75.21480357443939,73.37541164906902,-1.8393919253703506,-2.2647891128824478,-1.4139947378582531,20.56493803877432,True,True,False
rr1,pol,Liberals,all,7031,50.8189446735884,54.936113697920675,4.117169024332282,3.7086561866096903,4.525681862054872,29.437255201905568,True,True,False
rr1,pol,Liberals,PID:Democrat,2423,73.115971935617,84.18677540498143,11.070803469364424,10.476586612004942,11.665020326723907,29.437255201905568,True,False,False
rr1,pol,Liberals,PID:Republican,2361,27.509953409572216,24.315648967404858,-3.194304442167354,-3.9088087672485146,-2.4798001170861936,29.437255201905568,True,True,False
rr1,pol,Liberals,agegrp:18-29,764,54.92931937172775,59.7888832383205,4.859563866592747,3.478920519305378,6.240207213880117,29.437255201905568,True,False,False
rr1,pol,Liberals,agegrp:65+,2052,49.84892787524367,52.91166411758136,3.062736242337696,2.3648014683864242,3.7606710162889674,29.437255201905568,True,True,False
rr1,pol,Liberals,education:a bachelor's degree or more,3531,55.07051826677995,58.83495458707237,3.764436320292413,3.2285325637509223,4.300340076833903,29.437255201905568,True,True,False
rr1,pol,Liberals,education:a high school diploma,1570,44.89363057324841,50.57703799975041,5.683407426502002,4.712313805815714,6.6545010471882895,29.437255201905568,True,False,False
rr1,pol,Liberals,gender:female,3713,54.11015351467816,57.63129684833857,3.521143333660414,2.9577470293017276,4.0845396380191,29.437255201905568,True,True,False
rr1,pol,Liberals,gender:male,3318,47.13592525617842,51.92007541054827,4.784150154369848,4.191449151885362,5.376851156854334,29.437255201905568,True,True,False
rr1,pol,Liberals,"income:$30,000",967,50.743536711478804,57.04912795271658,6.3055912412377815,5.085242837193334,7.525939645282229,29.437255201905568,True,False,False
rr1,pol,Liberals,"income:more than $150,000",394,53.40862944162436,57.00539481298092,3.5967653713565424,2.002770932645439,5.190759810067646,29.437255201905568,True,True,False
rr1,pol,Liberals,raceth:Hispanic,556,56.45323741007194,60.358884979105206,3.905647569033248,2.3270522476393736,5.484242890427122,29.437255201905568,True,True,False
rr1,pol,Liberals,raceth:non-Hispanic black,510,63.64313725490196,73.28265733050715,9.639520075605192,7.864452067922391,11.414588083287994,29.437255201905568,True,False,False
rr1,pol,Liberals,raceth:non-Hispanic white,5965,49.19731768650461,52.86204863757571,3.6647309510711046,3.2334760703490226,4.095985831793187,29.437255201905568,True,True,False
rr1,pol,Conservatives,all,7031,55.823780401080924,51.542183761285685,-4.281596639795234,-4.677511615948445,-3.885681663642023,27.825489158860503,True,True,False
rr1,pol,Conservatives,PID:Democrat,2418,37.25268817204301,28.846728364963354,-8.405959807079652,-9.125940415105177,-7.685979199054127,27.825489158860503,True,False,False
rr1,pol,Conservatives,PID:Republican,2364,77.08798646362098,76.46838995252686,-0.6195965110941166,-1.2185214809228562,-0.02067154126537707,27.825489158860503,True,True,False
rr1,pol,Conservatives,agegrp:18-29,761,49.776609724047304,47.55634622217633,-2.2202635018709707,-3.492789546606688,-0.9477374571352535,27.825489158860503,True,True,False
rr1,pol,Conservatives,agegrp:65+,2053,61.02679006332197,53.662268288549114,-7.364521774772848,-8.050573861718815,-6.678469687826881,27.825489158860503,True,False,False
rr1,pol,Conservatives,education:a bachelor's degree or more,3524,51.601305334846764,48.48317122671711,-3.118134108129648,-3.6471338548849555,-2.5891343613743403,27.825489158860503,True,True,False
rr1,pol,Conservatives,education:a high school diploma,1580,60.88670886075949,54.95467751930135,-5.932031341458137,-6.8265156615139935,-5.03754702140228,27.825489158860503,True,False,False
rr1,pol,Conservatives,gender:female,3718,55.226465841850455,49.462774014998885,-5.7636918268515736,-6.309765546492573,-5.2176181072105745,27.825489158860503,True,False,False
rr1,pol,Conservatives,gender:male,3313,56.49411409598551,53.87579240502079,-2.6183216909647262,-3.1895064212288426,-2.04713696070061,27.825489158860503,True,True,False
rr1,pol,Conservatives,"income:$30,000",964,55.75311203319502,50.31659298726723,-5.436519045927792,-6.694304499819076,-4.178733592036508,27.825489158860503,True,False,False
rr1,pol,Conservatives,"income:more than $150,000",395,51.164556962025316,50.626287739243416,-0.5382692227819068,-2.1356100109602565,1.0590715653964426,27.825489158860503,True,True,False
rr1,pol,Conservatives,raceth:Hispanic,556,52.24820143884892,47.091657848055036,-5.156543590793877,-6.704077885253341,-3.609009296334413,27.825489158860503,True,False,False
rr1,pol,Conservatives,raceth:non-Hispanic black,512,47.884765625,37.43464188516925,-10.450123739830751,-12.247590342606424,-8.652657137055078,27.825489158860503,True,False,False
rr1,pol,Conservatives,raceth:non-Hispanic white,5963,56.8388395103136,53.168471510460236,-3.6703679998533536,-4.0847142039079944,-3.256021795798713,27.825489158860503,True,True,False
rr1,pol,Christians,all,6357,70.67248702218028,67.17100328385955,-3.5014837383207214,-3.9618126970101724,-3.0411547796312703,23.917429671660635,True,True,False
rr1,pol,Christians,PID:Democrat,2244,63.95187165775401,62.29689086196007,-1.6549807957939369,-2.5112222086799063,-0.7987393829079672,23.917429671660635,True,True,False
rr1,pol,Christians,PID:Republican,2035,81.76117936117936,76.60730869127055,-5.1538706699088115,-5.807316841313779,-4.500424498503844,23.917429671660635,True,False,False
rr1,pol,Christians,agegrp:18-29,687,63.40320232896652,65.47876446180459,2.075562132838059,0.571512491245638,3.5796117744304796,23.917429671660635,True,True,False
rr1,pol,Christians,agegrp:65+,1855,76.4021563342318,68.3858131364581,-8.016343197773708,-8.753789221838572,-7.2788971737088435,23.917429671660635,True,False,False
rr1,pol,Christians,education:a bachelor's degree or more,3247,68.85432707114259,66.43546134332708,-2.4188657278155183,-3.056247586002327,-1.7814838696287096,23.917429671660635,True,True,False
rr1,pol,Christians,education:a high school diploma,1385,73.05848375451264,67.980394722486,-5.078089032026641,-6.063312088558637,-4.092865975494646,23.917429671660635,True,False,False
rr1,pol,Christians,gender:female,3317,71.97497738920711,66.65391118566717,-5.3210662035399405,-5.9605132081228795,-4.6816191989570015,23.917429671660635,True,False,False
rr1,pol,Christians,gender:male,3040,69.25131578947368,67.735211997578,-1.5161037918956708,-2.1742990781678477,-0.8579085056234937,23.917429671660635,True,True,False
rr1,pol,Christians,"income:$30,000",884,70.28506787330316,66.69184214379219,-3.593225729510981,-4.976419560937726,-2.2100318980842353,23.917429671660635,True,False,False
rr1,pol,Christians,"income:more than $150,000",372,67.01612903225806,67.44133284020623,0.42520380794816987,-1.5045946103756453,2.355002226271985,23.917429671660635,True,True,False
rr1,pol,Christians,raceth:Hispanic,502,67.97011952191235,65.42781578853608,-2.5423037333762712,-4.108794979635236,-0.9758124871173071,23.917429671660635,True,True,False
rr1,pol,Christians,raceth:non-Hispanic black,445,74.08314606741573,63.4210582002393,-10.662087867176432,-12.548417295372412,-8.775758438980452,23.917429671660635,False,False,False
rr1,pol,Christians,raceth:non-Hispanic white,5410,70.64269870609982,67.641207661838,-3.0014910442618157,-3.4966643665353723,-2.506317721988259,23.917429671660635,True,True,False
