model,framing,outcome,contrast,n_a,n_b,g,se_g,p,se_p,cov,m_family,ratio,ci_lo,ci_hi,r3_unstopped,r3_nopop_only,k_rel_halfwidth,stop_conditional,stop_population,no_population_gap,verdict,verdict_conditional,verdict_popstop
rr1,demogs,Democratic Party,female - male,3932,3536,15.89870891895984,0.3125751734646874,7.442432264791044,0.7230715441274326,0.04958041147534687,77,2.1362248729053386,1.6367200437958374,3.0775187203786207,steepened,steepened,0.3124772617356767,False,True,False,steepened,steepened,reference too imprecise
rr1,demogs,Democratic Party,non-Hispanic black - non-Hispanic white,548,6307,31.38939463663675,0.23846363578201388,29.666347436922713,1.1264775489937786,0.01815810093594307,77,1.0580808676692546,0.9418981323994918,1.2058705556816165,kept,kept,0.12212666628461057,False,False,False,kept,kept,kept
rr1,demogs,Democratic Party,Hispanic - non-Hispanic white,613,6307,22.968534461352093,0.3583540657694245,13.3017590181137,1.3330058786229142,0.05379423307567425,77,1.7267291062839614,1.3064801774802812,2.5403091688572346,steepened,steepened,0.3223109271062286,False,True,False,steepened,steepened,reference too imprecise
rr1,demogs,Democratic Party,a high school diploma - a bachelor's degree or more,1704,3706,-4.744901487971994,0.44703429108693477,-5.691881772737524,0.9292508065141095,0.10412856543112091,77,0.8336261499138486,0.5136372087802352,1.6964786609039106,undetermined,undetermined,0.5250844006840858,True,True,False,reference too imprecise,reference too imprecise,reference too imprecise
rr1,demogs,Democratic Party,18-29 - 65+,825,2149,12.351664078246657,0.6057592706700189,3.001621049959809,1.2555285781540302,0.18225085769499516,77,4.114997820398429,,,steepened,no population gap,1.3453112703175714,False,False,True,no population gap,no population gap,no population gap
rr1,demogs,Democratic Party,Republican - Democrat,2527,2553,-7.764697613946623,0.4156576206530514,-56.953411421435035,0.5319174464575751,0.012495947240726725,77,0.13633419702448754,0.11280821469214651,0.16002665845714975,missing,missing,0.03003838177215592,False,False,False,missing,missing,missing
rr1,demogs,Democratic Party,"$30,000 - more than $150,000",1037,417,10.911734163143848,0.8883749367414524,3.968570563028848,1.8349563142536816,0.2927245817086125,77,2.749537645820745,,,kept or steepened,no population gap,1.4871119480187562,False,False,True,no population gap,no population gap,no population gap
rr1,demogs,Republican Party,female - male,3932,3522,-12.21195764801113,0.24819415506361153,-1.2696311457179732,0.7412618634552655,0.030150339760075008,77,9.618508248791658,,,steepened,no population gap,1.8777861422525766,False,False,True,no population gap,no population gap,no population gap
rr1,demogs,Republican Party,non-Hispanic black - non-Hispanic white,547,6297,-28.11361772923621,0.21695129822898018,-19.730812589146804,1.1555960177844113,-0.0003441620784214414,77,1.4248585861436076,1.196641302342313,1.7579327293678497,kept or steepened,kept or steepened,0.18837059320554322,False,False,False,kept or steepened,kept or steepened,kept or steepened
rr1,demogs,Republican Party,Hispanic - non-Hispanic white,610,6297,-19.647669704672893,0.2914328403234766,-6.137396938953501,1.313051529970029,0.03687629809693703,77,3.2013034027457015,1.8998392470094703,10.22186633133479,steepened,steepened,0.6880968948622399,False,True,False,steepened,steepened,reference too imprecise
rr1,demogs,Republican Party,a high school diploma - a bachelor's degree or more,1700,3696,0.946224193704289,0.3575748146889137,12.208146167557928,0.9212821362683629,0.05933783357914958,77,0.07750760686489783,-0.01755636060872759,0.17352261802428412,missing,missing,0.24271407966438766,False,False,False,missing,missing,missing
rr1,demogs,Republican Party,18-29 - 65+,826,2145,-10.034697697603711,0.460917176675602,-5.005605693741288,1.2623943215209592,0.06426144127677871,77,2.0046920016393823,1.0978247009135043,10.46806606586038,kept or steepened,kept or steepened,0.8111299485426807,False,True,False,reference too imprecise,kept or steepened,reference too imprecise
rr1,demogs,Republican Party,Republican - Democrat,2523,2550,6.529039655789468,0.33240771748704473,53.517733790305655,0.5662157836782468,-0.010657765830381517,77,0.12199768550312114,0.1015324777025822,0.14282281807449027,missing,missing,0.03402799003001863,False,False,False,missing,missing,missing
rr1,demogs,Republican Party,"$30,000 - more than $150,000",1036,418,-15.450164081519226,0.6157811229093237,4.3888160203949695,1.842009558813707,0.1488035748896862,77,-3.520348998390868,,,reversed,no population gap,1.3498842941205764,False,False,True,no population gap,no population gap,no population gap
rr1,demogs,Black Americans,female - male,3627,3249,8.2583799351832,0.21434538018643995,5.332239658394599,0.4877847548832031,0.0236001479522092,77,1.5487638336326366,1.2009856604582736,2.171289946272966,kept or steepened,kept or steepened,0.2942189238023408,False,True,False,reference too imprecise,kept or steepened,reference too imprecise
rr1,demogs,Black Americans,non-Hispanic black - non-Hispanic white,491,5846,23.56129152633129,0.12224371196516995,16.061587535613683,0.8382868559519436,0.007477424696779143,77,1.4669341666313096,1.2563969097772822,1.7619224082690816,steepened,steepened,0.16786348221698785,False,False,False,steepened,steepened,steepened
rr1,demogs,Black Americans,Hispanic - non-Hispanic white,539,5846,12.336846467343392,0.2007478006901949,3.3815018371980443,0.9458820491678195,0.024833646756832913,77,3.648333510167737,1.9281627415864648,36.11707618371667,steepened,steepened,0.8996620395570287,False,True,False,steepened,steepened,reference too imprecise
rr1,demogs,Black Americans,a high school diploma - a bachelor's degree or more,1529,3456,-6.102642176916206,0.30908385239166897,-4.881213778976814,0.6353707751688873,0.045094162058918426,77,1.2502304658730647,0.8744044191781194,2.10996530336734,kept or steepened,kept or steepened,0.4186503385300053,False,True,False,reference too imprecise,kept or steepened,reference too imprecise
rr1,demogs,Black Americans,18-29 - 65+,745,2011,7.968788851090906,0.3928797974708258,2.4608752532213742,0.8979775240197111,0.08928695920005873,77,3.238192931827599,,,steepened,no population gap,1.1736210975142618,False,False,True,no population gap,no population gap,no population gap
rr1,demogs,Black Americans,Republican - Democrat,2320,2363,-5.264826051773326,0.26700158379117755,-11.229241941132685,0.5882317894863713,0.029806446521173098,77,0.4688496409083753,0.37900378464461565,0.5810571459429569,attenuated,attenuated,0.16848067446118925,False,False,False,attenuated,attenuated,attenuated
rr1,demogs,Black Americans,"$30,000 - more than $150,000",941,381,-1.0878849007716127,0.5726988036051665,-1.0841345416307604,1.218817287589631,0.1441948413050036,77,1.0034593115492945,,,undetermined,no population gap,3.6158255083864956,False,False,True,no population gap,no population gap,no population gap
rr1,demogs,White Americans,female - male,3627,3233,-3.3487112286198624,0.12642232387900143,2.338398021983636,0.4859615540349005,0.00721854909036128,77,-1.432053567073748,-4.3953961089051585,-0.8309094279575698,reversed,reversed,0.6683985784570574,False,True,False,reversed,reversed,reference too imprecise
rr1,demogs,White Americans,non-Hispanic black - non-Hispanic white,490,5828,-8.617968076776776,0.23761746325803032,-5.642918773549226,1.0922349676445966,0.0019870168664013537,77,1.5272181689328719,0.9322666594067786,4.052873858842369,kept or steepened,kept or steepened,0.6225357804517785,False,True,False,reference too imprecise,kept or steepened,reference too imprecise
rr1,demogs,White Americans,Hispanic - non-Hispanic white,542,5828,-5.601988720549407,0.19430316018047705,-3.1022003459567884,0.9385843857357519,0.01008005865004509,77,1.8058113905669195,0.9092775326151823,66.71736505464737,kept or steepened,kept or steepened,0.9730956327239711,False,True,False,reference too imprecise,kept or steepened,reference too imprecise
rr1,demogs,White Americans,a high school diploma - a bachelor's degree or more,1527,3450,-0.26470962690906674,0.17405111102189635,-0.9362654821901373,0.6073130559386204,0.007649223123621732,77,0.2827292386021227,,,undetermined,no population gap,2.0862466180886856,False,False,True,no population gap,no population gap,no population gap
rr1,demogs,White Americans,18-29 - 65+,747,1994,-5.4963524894227405,0.20763455944594011,-9.131279380309607,0.9029055974828123,0.007112479776001407,77,0.6019257828508561,0.4450847318429142,0.8922621053369035,attenuated or kept,attenuated or kept,0.31802609389668685,False,True,False,reference too imprecise,attenuated or kept,reference too imprecise
rr1,demogs,White Americans,Republican - Democrat,2312,2358,1.9397255831667621,0.15907839868905527,4.3620216534450975,0.5569686603627798,0.002930425339813718,77,0.4446849963788646,0.2824683365038853,0.7834908537378488,attenuated or kept,attenuated or kept,0.4106718948979266,False,True,False,reference too imprecise,attenuated or kept,reference too imprecise
rr1,demogs,White Americans,"$30,000 - more than $150,000",936,380,-7.20834193743412,0.2863069168245055,-2.2679374718848493,1.2345268802062066,0.01940032046865189,77,3.1783689042552723,,,kept or steepened,no population gap,1.750739434998474,False,False,True,no population gap,no population gap,no population gap
rr1,demogs,Asian Americans,female - male,2358,2129,2.3601672940060965,0.1387059536004516,1.790091673967197,0.568644237037193,0.01036595160755187,77,1.3184616901633306,,,undetermined,no population gap,1.0216859236117743,False,False,True,no population gap,no population gap,no population gap
rr1,demogs,Asian Americans,non-Hispanic black - non-Hispanic white,329,3803,3.1583995581087123,0.27565573686608824,-0.41195360885302534,1.3691404108996297,0.0022611625229623897,77,-7.6668816348093936,,,reversed or missing,no population gap,10.689360344964443,False,False,True,no population gap,no population gap,no population gap
rr1,demogs,Asian Americans,Hispanic - non-Hispanic white,355,3803,4.138176343168567,0.2746852171710064,2.0675189713088002,1.116970227296244,0.0571174969452676,77,2.0015179548988513,,,undetermined,no population gap,1.737577300117211,False,False,True,no population gap,no population gap,no population gap
rr1,demogs,Asian Americans,a high school diploma - a bachelor's degree or more,1014,2224,-5.864742531409313,0.15903370993872373,-7.045625629673779,0.7307206102896073,0.006985822661659626,77,0.8323948559953301,0.617997129171923,1.25194452776287,undetermined,undetermined,0.33356757998239916,False,True,False,reference too imprecise,undetermined,reference too imprecise
rr1,demogs,Asian Americans,18-29 - 65+,502,1249,0.9618531069626073,0.269914424153691,-0.24337557695558587,1.0415474778858016,0.03753821325479508,77,-3.952134881381865,,,undetermined,no population gap,13.764299624535465,False,False,True,no population gap,no population gap,no population gap
rr1,demogs,Asian Americans,Republican - Democrat,1503,1555,-1.421381710568653,0.16787683816303867,-6.262216831075264,0.7091292351038889,0.01276568752640079,77,0.22697740255739315,0.13275524684949386,0.3828597783388528,missing or attenuated,missing or attenuated,0.36420787294320206,False,True,False,missing or attenuated,missing or attenuated,reference too imprecise
rr1,demogs,Asian Americans,"$30,000 - more than $150,000",565,239,-8.732794366806722,0.3044481298518286,-4.722049838930644,1.4877552235507785,0.03194336149745881,77,1.8493651411320875,,,kept or steepened,no population gap,1.0133348002493545,False,False,True,no population gap,no population gap,no population gap
rr1,demogs,Gays and Lesbians,female - male,3708,3300,15.087864797185794,0.2947142042364295,8.337963126409726,0.6332208583495074,0.030468593402358978,77,1.809538441036802,1.4546125756923225,2.3844411587733028,steepened,steepened,0.2442571482359161,False,False,False,steepened,steepened,steepened
rr1,demogs,Gays and Lesbians,non-Hispanic black - non-Hispanic white,508,5946,23.25728503908794,0.2270434292819721,-1.1747651435094326,1.2685833763170677,0.03770830001669801,77,-19.797391136078765,,,reversed,no population gap,3.4731217227041076,False,False,True,no population gap,no population gap,no population gap
rr1,demogs,Gays and Lesbians,Hispanic - non-Hispanic white,554,5946,18.595608941957742,0.3571177791472428,2.3670993210859166,1.1706160241166181,0.0925644265995988,77,7.855863408987389,,,steepened,no population gap,1.5905598818614914,False,False,True,no population gap,no population gap,no population gap
rr1,demogs,Gays and Lesbians,a high school diploma - a bachelor's degree or more,1574,3512,-9.959812827234934,0.4238207897124371,-11.368631202368789,0.8129175209248979,0.033108091930725926,77,0.8760784521851399,0.687117284776834,1.157292337887821,attenuated or kept,attenuated or kept,0.22998014644682244,False,False,False,attenuated or kept,attenuated or kept,attenuated or kept
rr1,demogs,Gays and Lesbians,18-29 - 65+,765,2045,14.786192598520458,0.5662498597282085,12.018265496907809,1.1255632361367645,0.11725309830014975,77,1.2303100312041544,0.9358449644676893,1.7518391454950482,kept or steepened,kept or steepened,0.30121746273140654,False,True,False,reference too imprecise,kept or steepened,reference too imprecise
rr1,demogs,Gays and Lesbians,Republican - Democrat,2346,2421,-6.944922493493259,0.400332025158772,-24.879500660778298,0.7178702767640938,0.024893048911885356,77,0.27914235852979546,0.22503857077085257,0.33725671957660786,missing or attenuated,missing or attenuated,0.0928017898651496,False,False,False,missing or attenuated,missing or attenuated,missing or attenuated
rr1,demogs,Gays and Lesbians,"$30,000 - more than $150,000",962,393,-1.2990464376639963,0.8494803906252067,-9.209013770082478,1.5377607553842572,0.18381331766361994,77,0.1410624926943031,-0.18474323460210285,0.5182119227045194,missing or attenuated,missing or attenuated,0.5370660393709769,False,True,False,missing or attenuated,missing or attenuated,reference too imprecise
rr1,demogs,Muslims,female - male,3586,3242,11.048734600946645,0.27213614915479056,5.505182777770706,0.580616911627405,0.029717560210364393,77,2.006969622436545,1.502450839717048,3.0104783323357234,steepened,steepened,0.3392110405799533,False,True,False,steepened,steepened,reference too imprecise
rr1,demogs,Muslims,non-Hispanic black - non-Hispanic white,485,5812,24.48169976356165,0.27056746223110856,9.32159378747135,1.0333152598358892,0.02337593715438571,77,2.626342696510352,1.9371799106803447,4.074043408337445,steepened,steepened,0.356528875892767,False,True,False,steepened,steepened,reference too imprecise
rr1,demogs,Muslims,Hispanic - non-Hispanic white,531,5812,18.695329796405844,0.3597544263401146,4.496909763940572,1.0822394785023894,0.06392779804395644,77,4.157372679860807,2.357132761835694,18.221565575123037,steepened,steepened,0.7740361420587337,False,True,False,steepened,steepened,reference too imprecise
rr1,demogs,Muslims,a high school diploma - a bachelor's degree or more,1543,3421,-6.425119890482577,0.3617779178005787,-9.757153739351118,0.7353240295809962,0.05359484911986599,77,0.658503500315848,0.5056797050457935,0.8811585224610194,attenuated or kept,attenuated or kept,0.24238606643183638,False,False,False,attenuated or kept,attenuated or kept,attenuated or kept
rr1,demogs,Muslims,18-29 - 65+,711,2008,10.636866948767597,0.5258683470869381,7.325057715691386,1.0709522441733141,0.1274939457345653,77,1.4521205650000288,0.9840740473756454,2.681537353032973,kept or steepened,kept or steepened,0.47023082463104476,False,True,False,reference too imprecise,kept or steepened,reference too imprecise
rr1,demogs,Muslims,Republican - Democrat,2310,2321,-6.307921313338198,0.3547278216044633,-22.304224369627214,0.6608294156344245,0.01956081996831223,77,0.2828128523459445,0.22890477014238894,0.34108321616208076,missing or attenuated,missing or attenuated,0.0952915259783433,False,False,False,missing or attenuated,missing or attenuated,missing or attenuated
rr1,demogs,Muslims,"$30,000 - more than $150,000",937,384,2.26166626538469,0.7706708437219079,-4.562533351120599,1.4858724966767736,0.11103002771152751,77,-0.4957040510902138,,,reversed or missing,no population gap,1.0474360867017074,False,False,True,no population gap,no population gap,no population gap
rr1,demogs,Jews,female - male,3700,3288,0.10435629632996779,0.09076810441388905,4.027708621029788,0.4926641146056106,0.005675008199527717,77,0.025909594300117567,-0.05183764511543087,0.10458283226680518,missing,missing,0.3934095746565554,False,True,False,missing,missing,reference too imprecise
rr1,demogs,Jews,non-Hispanic black - non-Hispanic white,505,5931,-1.4971947628357896,0.2551707653507765,-4.757377831865128,1.0830787292435529,0.028839749885834255,77,0.3147100810046056,0.12736218183414663,1.172759639455668,undetermined,undetermined,0.7322247805629071,True,True,False,reference too imprecise,reference too imprecise,reference too imprecise
rr1,demogs,Jews,Hispanic - non-Hispanic white,552,5931,-1.0422271829819465,0.22850550239028186,-1.712991980236481,0.9194348379111922,0.007411389477274718,77,0.6084250218369764,,,undetermined,no population gap,1.7263055470100301,False,False,True,no population gap,no population gap,no population gap
rr1,demogs,Jews,a high school diploma - a bachelor's degree or more,1567,3508,-3.248607643036891,0.11554850007891514,-5.9402479809118915,0.6579802644069034,0.006851143354218018,77,0.5468808126320335,0.3973574667865352,0.8508000046559505,attenuated or kept,attenuated or kept,0.3562544784025745,False,True,False,reference too imprecise,attenuated or kept,reference too imprecise
rr1,demogs,Jews,18-29 - 65+,762,2046,-3.185532120459257,0.18285051353020054,-4.898680736755409,0.9454358031540253,0.020436970712206407,77,0.6502836766964245,0.39199575036557704,1.6951493091337915,undetermined,undetermined,0.6207331640651402,True,True,False,reference too imprecise,reference too imprecise,reference too imprecise
rr1,demogs,Jews,Republican - Democrat,2346,2409,0.09788002844504717,0.10949318558690821,-3.199113724216204,0.5773175042312538,0.004737211762264853,77,-0.030595982788648186,-0.19374981993180934,0.08702980952631091,missing,missing,0.5804129408643026,False,True,False,missing,missing,reference too imprecise
rr1,demogs,Jews,"$30,000 - more than $150,000",961,395,-8.437903198225321,0.18112500260670247,-4.273220142520316,1.2682434958204627,0.02037593722365701,77,1.9746006329663848,1.0115222246507414,43.18595706938922,kept or steepened,kept or steepened,0.9545516160335659,False,True,False,reference too imprecise,kept or steepened,reference too imprecise
rr1,demogs,Liberals,female - male,3713,3318,17.92018962635622,0.3551426476209792,6.974228258499743,0.704849355204633,0.04293194965741283,77,2.5694871119992726,1.9443724032675427,3.7813075867178294,steepened,steepened,0.32505151153207934,False,True,False,steepened,steepened,reference too imprecise
rr1,demogs,Liberals,non-Hispanic black - non-Hispanic white,510,5965,35.62815701931162,0.25931706652950776,14.445819568397347,1.146454048352019,0.038836605603754445,77,2.466329919920514,1.9681908317242855,3.30412480982847,steepened,steepened,0.2552504441488142,False,True,False,steepened,steepened,reference too imprecise
rr1,demogs,Liberals,Hispanic - non-Hispanic white,556,5965,27.696024320891503,0.4285941156532543,7.255919723567331,1.2343105572227395,0.07690005098987068,77,3.817024633132919,2.476468342862059,8.375949470645962,steepened,steepened,0.547121793927711,False,True,False,steepened,steepened,reference too imprecise
rr1,demogs,Liberals,a high school diploma - a bachelor's degree or more,1570,3531,-5.8696795555867425,0.5160366269203382,-10.17688769353154,0.8700580775635933,0.08650789006402816,77,0.5767656804660946,0.3986528267625625,0.8305349325110967,attenuated or kept,attenuated or kept,0.27496999247237064,False,True,False,reference too imprecise,attenuated or kept,reference too imprecise
rr1,demogs,Liberals,18-29 - 65+,764,2052,15.13150252996649,0.7162984117919863,5.080391496484083,1.2040588622501303,0.17917665233040353,77,2.978412695249636,1.6985553589270657,12.176724164552395,steepened,steepened,0.7622590310972875,False,True,False,steepened,steepened,reference too imprecise
rr1,demogs,Liberals,Republican - Democrat,2361,2423,-8.998156444288213,0.4639182879396508,-45.60601852604478,0.6205698436651095,-0.0023131452676431563,77,0.19730195125780445,0.16375319604241304,0.23163100203603001,missing,missing,0.04376435663339586,False,False,False,missing,missing,missing
rr1,demogs,Liberals,"$30,000 - more than $150,000",967,394,11.276410549809,0.9223693478654125,-2.6650927301455596,1.7376128527492396,0.20236766561255762,77,-4.231151292507978,,,reversed,no population gap,2.0969725045323164,False,False,True,no population gap,no population gap,no population gap
rr1,demogs,Conservatives,female - male,3718,3313,-12.543900832150207,0.26015790348622986,-1.2676482541350538,0.6594699783668309,0.017398520591245168,77,9.895411279297825,,,steepened,no population gap,1.67320173900892,False,False,True,no population gap,no population gap,no population gap
rr1,demogs,Conservatives,non-Hispanic black - non-Hispanic white,512,5963,-28.6709312593139,0.27066318033463505,-8.954073885313598,1.1857278899084884,0.005563542708071755,77,3.201998512245888,2.243301625365395,5.578035727064315,steepened,steepened,0.4259085925037426,False,True,False,steepened,steepened,reference too imprecise
rr1,demogs,Conservatives,Hispanic - non-Hispanic white,556,5963,-20.04676250282163,0.3359638269729097,-4.590638071464674,1.186967717939021,0.0023272134382225263,77,4.366879329353353,2.377301397080341,25.93206492165502,steepened,steepened,0.8316065356751726,False,True,False,steepened,steepened,reference too imprecise
rr1,demogs,Conservatives,a high school diploma - a bachelor's degree or more,1580,3524,1.141396102480705,0.3794100497964841,9.285403525912727,0.8010304775207726,0.035766208267614334,77,0.12292369408560619,-0.008805765683312884,0.26585987939224426,missing or attenuated,missing or attenuated,0.2774599467853947,False,True,False,missing or attenuated,missing or attenuated,reference too imprecise
rr1,demogs,Conservatives,18-29 - 65+,761,2053,-11.06285971992316,0.49665798217840135,-11.250180339274664,1.165417191358004,0.051754050349188174,77,0.9833495451892835,0.7166784445063208,1.4860812445188112,undetermined,undetermined,0.3331762044088791,True,True,False,reference too imprecise,reference too imprecise,reference too imprecise
rr1,demogs,Conservatives,Republican - Democrat,2364,2418,6.675529445775183,0.3559816225061555,39.83529829157797,0.6149429405306781,-0.015240982381767153,77,0.1675782467326605,0.1375769545300658,0.1986069776914498,missing,missing,0.049649946746459894,False,False,False,missing,missing,missing
rr1,demogs,Conservatives,"$30,000 - more than $150,000",964,395,-15.563314873485616,0.6151671662803202,4.588555071169708,1.6651637397638597,0.12723554916610852,77,-3.3917681344332733,,,reversed,no population gap,1.1671670998792407,False,False,True,no population gap,no population gap,no population gap
rr1,demogs,Christians,female - male,3317,3040,-3.43021117453236,0.1274060981308344,2.7236615997334326,0.5821523744645172,0.008663881685901438,77,-1.259411659241397,-4.098175959445513,-0.7233394571246964,reversed,reversed,0.6874412139334481,False,True,False,reversed,reversed,reference too imprecise
rr1,demogs,Christians,non-Hispanic black - non-Hispanic white,445,5410,-8.907630324522067,0.313900991560942,3.440447361315904,1.1790506457015641,0.04877798067517352,77,-2.5890907167128034,,,reversed,no population gap,1.1022232895648798,False,False,True,no population gap,no population gap,no population gap
rr1,demogs,Christians,Hispanic - non-Hispanic white,502,5410,-5.972090111804214,0.2357809549658395,-2.6725791841874695,1.0812990746182982,0.026920512358367905,77,2.2345792959619555,,,kept or steepened,no population gap,1.301269618443078,False,False,True,no population gap,no population gap,no population gap
rr1,demogs,Christians,a high school diploma - a bachelor's degree or more,1385,3247,-0.34824111750424436,0.17688705471097496,4.204156683370044,0.7799295471091306,0.012268763562766617,77,-0.08283257350558469,-0.33295026017527113,0.05340443738397734,reversed or missing,reversed or missing,0.5966621939782948,False,True,False,reversed or missing,reversed or missing,reference too imprecise
rr1,demogs,Christians,18-29 - 65+,687,1855,-6.210531769414338,0.20528158595426862,-12.998954005265283,1.0696496709713965,0.017491597814220015,77,0.47777165508076536,0.3709013687737006,0.6543101229856156,attenuated,attenuated,0.2646581029555406,False,True,False,attenuated,attenuated,reference too imprecise
rr1,demogs,Christians,Republican - Democrat,2035,2244,2.077370665649809,0.1574132224736253,17.809307703425347,0.6533787907520848,0.0006628883986798789,77,0.11664522283762097,0.08650234202570153,0.15003827413629772,missing,missing,0.11799674726287607,False,False,False,missing,missing,missing
rr1,demogs,Christians,"$30,000 - more than $150,000",884,372,-7.520050149292203,0.27857360929875574,3.268938841045099,1.5295997524453275,0.05375315153797763,77,-2.3004560546896005,,,reversed,no population gap,1.504953390099558,False,False,True,no population gap,no population gap,no population gap
rr1,full,Democratic Party,female - male,3932,3536,8.45667421723455,0.6677118858239589,7.442432264791044,0.7340044466968892,0.3822469433250499,77,1.136278291337863,0.9412886333673083,1.426760377013358,kept or steepened,kept or steepened,0.3172019442176147,False,True,False,reference too imprecise,kept or steepened,reference too imprecise
rr1,full,Democratic Party,non-Hispanic black - non-Hispanic white,548,6307,24.427634930160956,0.8307351491656434,29.666347436922713,1.121755854285985,0.530802528063915,77,0.823412284983838,0.7398900712776734,0.9189917868163523,attenuated or kept,attenuated or kept,0.12161476541770769,False,False,False,attenuated or kept,attenuated or kept,attenuated or kept
rr1,full,Democratic Party,Hispanic - non-Hispanic white,613,6307,9.92781867866831,1.0954148462459492,13.3017590181137,1.3543465354339315,1.045410501111274,77,0.746353821712533,0.5583828508230521,0.9767064696764601,attenuated or kept,attenuated or kept,0.3274709395203678,False,True,False,reference too imprecise,attenuated or kept,reference too imprecise
rr1,full,Democratic Party,a high school diploma - a bachelor's degree or more,1704,3706,-9.357287615459796,0.8321490459746494,-5.691881772737524,0.9376265224590197,0.5954219658955033,77,1.6439708323314992,1.2241112000763128,2.8183415818835504,kept or steepened,kept or steepened,0.5298172002215232,False,True,False,reference too imprecise,kept or steepened,reference too imprecise
rr1,full,Democratic Party,18-29 - 65+,825,2149,8.119244133936853,1.1132310562628667,3.001621049959809,1.2416810349304757,0.9996285552356977,77,2.70495308994637,,,steepened,no population gap,1.3304734910037403,False,False,True,no population gap,no population gap,no population gap
rr1,full,Democratic Party,Republican - Democrat,2527,2553,-63.846723656197256,0.20209086662225878,-56.953411421435035,0.5468737977846175,0.030582537311056424,77,1.121034228902535,1.0886573506498007,1.155356296292588,kept,kept,0.030882995149799707,False,False,False,kept,kept,kept
rr1,full,Democratic Party,"$30,000 - more than $150,000",1037,417,0.982177685533081,1.6987219453992068,3.968570563028848,1.8367716457810064,2.4613590928741313,77,0.2474890316133057,,,undetermined,no population gap,1.488583155361912,False,False,True,no population gap,no population gap,no population gap
rr1,full,Republican Party,female - male,3932,3522,-6.248052763807685,0.5886392064089744,-1.2696311457179732,0.7284941436940546,0.32730926819760775,77,4.921155868679031,,,steepened,no population gap,1.8454425826850975,False,False,True,no population gap,no population gap,no population gap
rr1,full,Republican Party,non-Hispanic black - non-Hispanic white,547,6297,-22.126960176630746,0.688280438525815,-19.730812589146804,1.1542748729071621,0.4414825324615384,77,1.1214419110544882,0.9694110056116136,1.331467832039293,kept or steepened,kept or steepened,0.1881552369388134,False,False,False,kept or steepened,kept or steepened,kept or steepened
rr1,full,Republican Party,Hispanic - non-Hispanic white,610,6297,-9.275711380727827,0.958558669576705,-6.137396938953501,1.3333016129879196,0.9268523724919908,77,1.511342915081104,1.0202846293435466,3.890985441392887,kept or steepened,kept or steepened,0.698708831200817,False,True,False,reference too imprecise,kept or steepened,reference too imprecise
rr1,full,Republican Party,a high school diploma - a bachelor's degree or more,1700,3696,6.9483442976784815,0.7267404387588023,12.208146167557928,0.9257548320059592,0.5014025809199153,77,0.5691563815104945,0.43645109360383744,0.6998509933508965,attenuated,attenuated,0.24389242252683221,False,False,False,attenuated,attenuated,attenuated
rr1,full,Republican Party,18-29 - 65+,826,2145,-7.766316076237317,1.0080578190439589,-5.005605693741288,1.2493767952871866,0.8994016581504237,77,1.5515237418616208,0.9896248951947539,5.648823446801751,kept or steepened,kept or steepened,0.8027657589989323,False,True,False,reference too imprecise,kept or steepened,reference too imprecise
rr1,full,Republican Party,Republican - Democrat,2523,2550,56.40088465665055,0.1790312251272021,53.517733790305655,0.5531198531716583,0.026645727972721942,77,1.0538728130313162,1.0211406246351291,1.0887438711425617,kept,kept,0.03324096111708879,False,False,False,kept,kept,kept
rr1,full,Republican Party,"$30,000 - more than $150,000",1036,418,-2.2644227072692544,1.4647049757328874,4.3888160203949695,1.8066608647876667,1.9858650950446022,77,-0.5159529806550125,,,undetermined,no population gap,1.323979625681094,False,False,True,no population gap,no population gap,no population gap
rr1,full,Black Americans,female - male,3627,3249,3.263463601856486,0.25667773913071606,5.332239658394599,0.4869205036190897,0.03309655709289673,77,0.612024929659488,0.43878974303350216,0.8744561975125623,attenuated or kept,attenuated or kept,0.29369763019019596,False,True,False,reference too imprecise,attenuated or kept,reference too imprecise
rr1,full,Black Americans,non-Hispanic black - non-Hispanic white,491,5846,15.382251218690868,0.2068324593766513,16.061587535613683,0.8678298478723301,0.015412039923960777,77,0.9577042857428316,0.8137964951926477,1.1599827534989982,kept,kept,0.17377934438714301,False,False,False,kept,kept,kept
rr1,full,Black Americans,Hispanic - non-Hispanic white,539,5846,4.253428017348114,0.4051046312563277,3.3815018371980443,0.938704070298536,0.06630542462216706,77,1.257851754081127,0.6323011030944558,11.17831326056868,undetermined,undetermined,0.8928348087039658,True,True,False,reference too imprecise,reference too imprecise,reference too imprecise
rr1,full,Black Americans,a high school diploma - a bachelor's degree or more,1529,3456,-4.559520549441984,0.33721654610106055,-4.881213778976814,0.634319937851837,0.05281933105908786,77,0.9340956483159272,0.6334171961057173,1.5746316445325759,undetermined,undetermined,0.41795793432176,True,True,False,reference too imprecise,reference too imprecise,reference too imprecise
rr1,full,Black Americans,18-29 - 65+,745,2011,3.847816209951091,0.4382413176655075,2.4608752532213742,0.894232196873745,0.12901194900208315,77,1.563596612593085,,,undetermined,no population gap,1.1687261031095886,False,False,True,no population gap,no population gap,no population gap
rr1,full,Black Americans,Republican - Democrat,2320,2363,-21.453323883556024,0.11849431434848526,-11.229241941132685,0.5576998893817757,0.009384896318321225,77,1.9104872791966974,1.6496298662042077,2.2698114574539647,steepened,steepened,0.15973576265236716,False,False,False,steepened,steepened,steepened
rr1,full,Black Americans,"$30,000 - more than $150,000",941,381,-1.4575287997643755,0.6260329546951009,-1.0841345416307604,1.206966644118439,0.17760156260535748,77,1.3444169001127422,,,undetermined,no population gap,3.580668590782651,False,False,True,no population gap,no population gap,no population gap
rr1,full,White Americans,female - male,3627,3233,-0.8578340508401681,0.16720796156920686,2.338398021983636,0.47038421348106446,0.008963483297829668,77,-0.3668468938031676,-1.2034776058327405,-0.11673847546566458,reversed or missing,reversed or missing,0.6469732780482566,False,True,False,reversed or missing,reversed or missing,reference too imprecise
rr1,full,White Americans,non-Hispanic black - non-Hispanic white,490,5828,-5.029567174877037,0.21771195175524508,-5.642918773549226,1.1338754549635306,0.0030204110242066404,77,0.8913059671269361,0.5290225849745082,2.5287480948022916,undetermined,undetermined,0.6462694037465786,True,True,False,reference too imprecise,reference too imprecise,reference too imprecise
rr1,full,White Americans,Hispanic - non-Hispanic white,542,5828,-3.253451931833226,0.213336446048884,-3.1022003459567884,0.9468886757376448,0.013916742431651351,77,1.048756227518822,0.5129181797918617,56.51666911391238,undetermined,undetermined,0.9817052670376518,True,True,False,reference too imprecise,reference too imprecise,reference too imprecise
rr1,full,White Americans,a high school diploma - a bachelor's degree or more,1527,3450,0.0910706253943232,0.22954395843737652,-0.9362654821901373,0.614448936901653,0.01595973535751446,77,-0.09727008751971541,,,undetermined,no population gap,2.1107598528703777,False,False,True,no population gap,no population gap,no population gap
rr1,full,White Americans,18-29 - 65+,747,1994,-4.034753666549378,0.26733243898141557,-9.131279380309607,0.9021292622268053,0.02692212728405402,77,0.44186071836218144,0.31280280264324595,0.6627355053141335,attenuated,attenuated,0.3177526490651225,False,True,False,attenuated,attenuated,reference too imprecise
rr1,full,White Americans,Republican - Democrat,2312,2358,10.244979131816741,0.14806278015008503,4.3620216534450975,0.5652837317467267,0.00040570036091227386,77,2.3486768167978536,1.6520286017763304,4.03241115579681,steepened,steepened,0.41680287921441006,False,True,False,steepened,steepened,reference too imprecise
rr1,full,White Americans,"$30,000 - more than $150,000",936,380,-3.865223317647292,0.3945394174768775,-2.2679374718848493,1.2238436699817032,0.03930552541612717,77,1.7042900721751213,,,undetermined,no population gap,1.7355890824769533,False,False,True,no population gap,no population gap,no population gap
rr1,full,Asian Americans,female - male,2358,2129,1.3966247158940774,0.15706561828090318,1.790091673967197,0.5772738752174302,0.017990171246593654,77,0.7801973140285497,,,undetermined,no population gap,1.0371908373704175,False,False,True,no population gap,no population gap,no population gap
rr1,full,Asian Americans,non-Hispanic black - non-Hispanic white,329,3803,0.8904737634712347,0.28165003892177426,-0.41195360885302534,1.3438235138480756,0.0044867093748403915,77,-2.1615874805673405,,,undetermined,no population gap,10.491702432564788,False,False,True,no population gap,no population gap,no population gap
rr1,full,Asian Americans,Hispanic - non-Hispanic white,355,3803,0.33462357367299944,0.28224222311959685,2.0675189713088002,1.0932715169953844,0.052738252073516116,77,0.1618478854688201,,,undetermined,no population gap,1.700711195672776,False,False,True,no population gap,no population gap,no population gap
rr1,full,Asian Americans,a high school diploma - a bachelor's degree or more,1014,2224,-3.969408713797108,0.1897589480436252,-7.045625629673779,0.7299511148086474,0.017096085445755593,77,0.5633862658099954,0.41071881924461284,0.8487740078068315,attenuated or kept,attenuated or kept,0.3332163120124298,False,True,False,reference too imprecise,attenuated or kept,reference too imprecise
rr1,full,Asian Americans,18-29 - 65+,502,1249,-0.22968080187926887,0.2832249562394528,-0.24337557695558587,1.0716487416828284,0.06849065395579478,77,0.9437298711414408,,,undetermined,no population gap,14.162095042196578,False,False,True,no population gap,no population gap,no population gap
rr1,full,Asian Americans,Republican - Democrat,1503,1555,-7.193660112581881,0.13657090689295964,-6.262216831075264,0.6878750275365001,0.008983588138359942,77,1.1487401836494189,0.8477387210005192,1.7719828902062085,kept or steepened,kept or steepened,0.3532917389777509,False,True,False,reference too imprecise,kept or steepened,reference too imprecise
rr1,full,Asian Americans,"$30,000 - more than $150,000",565,239,-4.7108441016696645,0.38452146695742717,-4.722049838930644,1.482681068080878,-0.0031216996381592567,77,0.997626933716668,,,undetermined,no population gap,1.0098787086570467,False,False,True,no population gap,no population gap,no population gap
rr1,full,Gays and Lesbians,female - male,3708,3300,6.349172945437488,0.4961114025682558,8.337963126409726,0.6164042171573354,0.1365978729310123,77,0.7614776953530857,0.5822571062322554,0.9888718731945411,attenuated or kept,attenuated or kept,0.23777033598653285,False,False,False,attenuated or kept,attenuated or kept,attenuated or kept
rr1,full,Gays and Lesbians,non-Hispanic black - non-Hispanic white,508,5946,17.802187827743893,0.5822542264754355,-1.1747651435094326,1.2854169684520926,0.18279912298293316,77,-15.153827065861487,,,reversed,no population gap,3.519208653690883,False,False,True,no population gap,no population gap,no population gap
rr1,full,Gays and Lesbians,Hispanic - non-Hispanic white,554,5946,8.649085970610216,0.851434949305084,2.3670993210859166,1.1980909681837755,0.40241557939917605,77,3.6538753965940103,,,steepened,no population gap,1.6278911184833262,False,False,True,no population gap,no population gap,no population gap
rr1,full,Gays and Lesbians,a high school diploma - a bachelor's degree or more,1574,3512,-8.265285007900765,0.6391651147453564,-11.368631202368789,0.8349606179927214,0.22629509348018478,77,0.7270255196754553,0.5544929430066763,0.9471216932054702,attenuated or kept,attenuated or kept,0.23621629533192923,False,False,False,attenuated or kept,attenuated or kept,attenuated or kept
rr1,full,Gays and Lesbians,18-29 - 65+,765,2045,8.633302304178486,0.8408349884126147,12.018265496907809,1.1220665841981876,0.420229101455563,77,0.7183484427432358,0.5100443311151168,1.0028798727267618,attenuated or kept,attenuated or kept,0.300281706666196,False,True,False,reference too imprecise,attenuated or kept,reference too imprecise
rr1,full,Gays and Lesbians,Republican - Democrat,2346,2421,-45.564198451277015,0.16949728552726592,-24.879500660778298,0.7106298414034662,0.034303206363565,77,1.8313952145795054,1.6816671953854463,2.0111415115310414,steepened,steepened,0.09186579156208856,False,False,False,steepened,steepened,steepened
rr1,full,Gays and Lesbians,"$30,000 - more than $150,000",962,393,-1.8974882094319412,1.2502642227681258,-9.209013770082478,1.499854196829819,0.753285194104445,77,0.20604684245302707,-0.3212222432245125,0.6358930928767804,undetermined,undetermined,0.5238270974889355,False,True,False,reference too imprecise,undetermined,reference too imprecise
rr1,full,Muslims,female - male,3586,3242,5.758974081523142,0.4487875015872116,5.505182777770706,0.5824244717985293,0.1118958700480066,77,1.046100431901592,0.7664327274009716,1.513339596502979,kept or steepened,kept or steepened,0.34026706281127167,False,True,False,reference too imprecise,kept or steepened,reference too imprecise
rr1,full,Muslims,non-Hispanic black - non-Hispanic white,485,5812,14.966842199856977,0.562267110375465,9.32159378747135,1.0835338471221763,0.12514235018837183,77,1.605609785310866,1.1662889753168262,2.532044373676962,kept or steepened,kept or steepened,0.37385599489509963,False,True,False,reference too imprecise,kept or steepened,reference too imprecise
rr1,full,Muslims,Hispanic - non-Hispanic white,531,5812,7.683420258701709,0.784034794329218,4.496909763940572,1.061342106436873,0.2972950104819717,77,1.7086000524877885,0.9630030617196184,6.382857150710119,kept or steepened,kept or steepened,0.7590899849705247,False,True,False,reference too imprecise,kept or steepened,reference too imprecise
rr1,full,Muslims,a high school diploma - a bachelor's degree or more,1543,3421,-7.717122109129846,0.5618082218118808,-9.757153739351118,0.7413793534006115,0.1736311144574015,77,0.7909193926099867,0.6080706424580986,1.0341110356923449,attenuated or kept,attenuated or kept,0.24438209275841224,False,False,False,attenuated or kept,attenuated or kept,attenuated or kept
rr1,full,Muslims,18-29 - 65+,711,2008,6.166798504174579,0.7818360119289726,7.325057715691386,1.131565881829145,0.3993498321730434,77,0.8418771214545328,0.5187685252232055,1.5124120959887166,undetermined,undetermined,0.4968448972695406,True,True,False,reference too imprecise,reference too imprecise,reference too imprecise
rr1,full,Muslims,Republican - Democrat,2310,2321,-38.26011309681154,0.21867146671300824,-22.304224369627214,0.6480890088330723,0.02667393598181219,77,1.7153751891463331,1.5711188448264943,1.8887396657747426,steepened,steepened,0.09345436077812265,False,False,False,steepened,steepened,steepened
rr1,full,Muslims,"$30,000 - more than $150,000",937,384,-1.9615120837474507,1.1228271532383254,-4.562533351120599,1.4602755548790998,0.5612223208996872,77,0.42991731408729,,,undetermined,no population gap,1.029392034733553,False,False,True,no population gap,no population gap,no population gap
rr1,full,Jews,female - male,3700,3288,1.3267146096703328,0.1261818479314811,4.027708621029788,0.48129152681607024,0.012342011383578488,77,0.3293968691635702,0.21316713310745364,0.5413323475412765,missing or attenuated,missing or attenuated,0.3843281644373252,False,True,False,missing or attenuated,missing or attenuated,reference too imprecise
rr1,full,Jews,non-Hispanic black - non-Hispanic white,505,5931,-2.297706594461573,0.24800395524709115,-4.757377831865128,1.0578394522099643,0.02726863389752964,77,0.4829775299896158,0.25062105522550815,1.6755689853727826,undetermined,undetermined,0.7151615481417577,True,True,False,reference too imprecise,reference too imprecise,reference too imprecise
rr1,full,Jews,Hispanic - non-Hispanic white,552,5931,-2.0173497262422018,0.23672311992253245,-1.712991980236481,0.9125242352830392,0.039524717438904525,77,1.1776761067869703,,,undetermined,no population gap,1.7133303897087628,False,False,True,no population gap,no population gap,no population gap
rr1,full,Jews,a high school diploma - a bachelor's degree or more,1567,3508,-3.1948727116305093,0.16622412063706885,-5.9402479809118915,0.6373159033633289,0.02063628425188396,77,0.5378349055286514,0.39096713032687797,0.8163607034367719,attenuated or kept,attenuated or kept,0.34506604074975683,False,True,False,reference too imprecise,attenuated or kept,reference too imprecise
rr1,full,Jews,18-29 - 65+,762,2046,-2.5730974606806427,0.24873052331360931,-4.898680736755409,0.935089297615558,0.0665629354690679,77,0.525263351288516,0.3120427208159854,1.2818846538484245,undetermined,undetermined,0.6139400861020625,True,True,False,reference too imprecise,reference too imprecise,reference too imprecise
rr1,full,Jews,Republican - Democrat,2346,2409,-0.6087272050958177,0.12876513661883296,-3.199113724216204,0.5890241153714807,0.014796600847275174,77,0.1902799517528744,0.06275470637352089,0.47726940187316624,missing or attenuated,missing or attenuated,0.5921823200181558,False,True,False,missing or attenuated,missing or attenuated,reference too imprecise
rr1,full,Jews,"$30,000 - more than $150,000",961,395,-5.037799112090028,0.31521493451830035,-4.273220142520316,1.2718180485679913,0.07055738875877633,77,1.17892337489516,0.598602673466485,26.620526390149386,undetermined,undetermined,0.9572420261267343,True,True,False,reference too imprecise,reference too imprecise,reference too imprecise
rr1,full,Liberals,female - male,3713,3318,8.557807285457613,0.676909926152048,6.974228258499743,0.6949497713574387,0.34375771851898057,77,1.2270615426198457,0.9953875336498446,1.5767027429444145,kept or steepened,kept or steepened,0.3204861747415891,False,True,False,reference too imprecise,kept or steepened,reference too imprecise
rr1,full,Liberals,non-Hispanic black - non-Hispanic white,510,5965,23.97121198979916,0.824662627471946,14.445819568397347,1.1520768171435738,0.40832371408875934,77,1.6593874702851892,1.3457242763793678,2.1634500205834994,steepened,steepened,0.2565023165927674,False,True,False,steepened,steepened,reference too imprecise
rr1,full,Liberals,Hispanic - non-Hispanic white,556,5965,10.508082400310911,1.1540801965123273,7.255919723567331,1.2250531615554885,0.9165439276491447,77,1.4482081942252627,1.0040020863504964,2.592847826194394,kept or steepened,kept or steepened,0.5430183510016768,False,True,False,reference too imprecise,kept or steepened,reference too imprecise
rr1,full,Liberals,a high school diploma - a bachelor's degree or more,1570,3531,-10.015521327220739,0.8383257538844396,-10.17688769353154,0.8865584004899065,0.5110194172564617,77,0.9841438393377018,0.7879308952876216,1.2372611735350134,kept,kept,0.2801846945570236,False,True,False,reference too imprecise,kept,reference too imprecise
rr1,full,Liberals,18-29 - 65+,764,2052,8.479392839845232,1.1727750757012525,5.080391496484083,1.2051206523514935,0.9621480707132921,77,1.6690431919889344,1.050022531786364,5.091733049259575,kept or steepened,kept or steepened,0.7629312233955787,False,True,False,reference too imprecise,kept or steepened,reference too imprecise
rr1,full,Liberals,Republican - Democrat,2361,2423,-62.246847193234444,0.18746544781975594,-45.60601852604478,0.6092608421937122,0.044798904553577365,77,1.3648822941578729,1.3122596987756845,1.4221073209156738,steepened,steepened,0.04296681357097642,False,False,False,steepened,steepened,steepened
rr1,full,Liberals,"$30,000 - more than $150,000",967,394,0.23020978506428946,1.712581428990387,-2.6650927301455596,1.725246072757798,2.1900219555048586,77,-0.08637965293302048,,,undetermined,no population gap,2.082048122745762,False,False,True,no population gap,no population gap,no population gap
rr1,full,Conservatives,female - male,3718,3313,-5.811181043379797,0.5411973936854225,-1.2676482541350538,0.6810150072768163,0.2579084356253673,77,4.584222022492274,,,steepened,no population gap,1.7278656069964522,False,False,True,no population gap,no population gap,no population gap
rr1,full,Conservatives,non-Hispanic black - non-Hispanic white,512,5963,-19.970082972278917,0.6653877186428985,-8.954073885313598,1.2044364272405403,0.34013746195096434,77,2.2302790023917147,1.6007972232090488,3.7788940622656493,steepened,steepened,0.43262862234424243,False,True,False,steepened,steepened,reference too imprecise
rr1,full,Conservatives,Hispanic - non-Hispanic white,556,5963,-8.369662459352242,0.8815717381439241,-4.590638071464674,1.2063426014067111,0.6155425700884937,77,1.8232024239457945,1.0760050399777343,9.57306965263598,kept or steepened,kept or steepened,0.8451808557482176,False,True,False,reference too imprecise,kept or steepened,reference too imprecise
rr1,full,Conservatives,a high school diploma - a bachelor's degree or more,1580,3524,6.491686811872299,0.6645420793610388,9.285403525912727,0.7951910589475784,0.33346737762796413,77,0.6991281309160106,0.5205542233567161,0.9059036022367799,attenuated or kept,attenuated or kept,0.27543729619712903,False,True,False,reference too imprecise,attenuated or kept,reference too imprecise
rr1,full,Conservatives,18-29 - 65+,761,2053,-7.609693685408956,0.92102398049741,-11.250180339274664,1.1345088711619842,0.67580362252455,77,0.676406373579926,0.47492572726715765,0.9134738913113384,attenuated or kept,attenuated or kept,0.32433995513786523,False,True,False,reference too imprecise,attenuated or kept,reference too imprecise
rr1,full,Conservatives,Republican - Democrat,2364,2418,49.94855049061567,0.1965508248555978,39.83529829157797,0.6182253867404349,0.05222656418101686,77,1.2538766529376248,1.1989498929581315,1.314384486300765,kept or steepened,kept or steepened,0.04991496853754168,False,False,False,kept or steepened,kept or steepened,kept or steepened
rr1,full,Conservatives,"$30,000 - more than $150,000",964,395,-2.1216186209988592,1.4151517978132584,4.588555071169708,1.6478608296847297,1.6096389304725895,77,-0.4623718334185797,,,undetermined,no population gap,1.1550389308023707,False,False,True,no population gap,no population gap,no population gap
rr1,full,Christians,female - male,3317,3040,-1.0458638194841399,0.20918107289940735,2.7236615997334326,0.6121610693700107,0.04802439366919415,77,-0.3839918364258246,-1.787774660931637,-0.10126162361962636,reversed or missing,reversed or missing,0.7228773206286522,False,True,False,reversed or missing,reversed or missing,reference too imprecise
rr1,full,Christians,non-Hispanic black - non-Hispanic white,445,5410,-6.950069074649896,0.3029215382151739,3.440447361315904,1.2108520356079961,0.048297348497827304,77,-2.020106208511102,,,reversed,no population gap,1.131952489682951,False,False,True,no population gap,no population gap,no population gap
rr1,full,Christians,Hispanic - non-Hispanic white,502,5410,-3.794962296686734,0.35181541737720307,-2.6725791841874695,1.0642906332779447,0.12184314667784446,77,1.4199625287587117,,,undetermined,no population gap,1.280801120418065,False,False,True,no population gap,no population gap,no population gap
rr1,full,Christians,a high school diploma - a bachelor's degree or more,1385,3247,0.27767219695579115,0.2730617823322146,4.204156683370044,0.7387036313313617,0.06632469210492958,77,0.06604706195992906,-0.20352058058893718,0.2835343444436144,missing or attenuated,missing or attenuated,0.5651235178915864,False,True,False,missing or attenuated,missing or attenuated,reference too imprecise
rr1,full,Christians,18-29 - 65+,687,1855,-5.112092882659326,0.36404288205594554,-12.998954005265283,1.058779228222607,0.11405964268081434,77,0.39326955696501814,0.29362333168892185,0.5358770397567064,attenuated,attenuated,0.2619684833218817,False,True,False,attenuated,attenuated,reference too imprecise
rr1,full,Christians,Republican - Democrat,2035,2244,14.00323464966359,0.15881972086868174,17.809307703425347,0.645601653563305,0.015066557848315534,77,0.786287422445415,0.7034715314092239,0.8897787848471649,attenuated or kept,attenuated or kept,0.11659223749873628,False,False,False,attenuated or kept,attenuated or kept,attenuated or kept
rr1,full,Christians,"$30,000 - more than $150,000",884,372,-4.094405622035325,0.49192786781256725,3.268938841045099,1.5581479425716447,0.24380316309910313,77,-1.2525182700347857,,,reversed,no population gap,1.5330415847028342,False,False,True,no population gap,no population gap,no population gap
rr1,pol,Democratic Party,female - male,3932,3536,5.803871268689036,0.629952470632927,7.442432264791044,0.7315210813387674,0.3569425507141832,77,0.7798352826328325,0.6065945949369912,0.9781266238844029,attenuated or kept,attenuated or kept,0.3161287513734244,False,True,False,reference too imprecise,attenuated or kept,reference too imprecise
rr1,pol,Democratic Party,non-Hispanic black - non-Hispanic white,548,6307,21.539493140161227,0.8324437132302367,29.666347436922713,1.1146745880892241,0.503424620760167,77,0.7260581433544863,0.6448993946715432,0.8167282773506256,attenuated or kept,attenuated or kept,0.1208470524397999,False,False,False,attenuated or kept,attenuated or kept,attenuated or kept
rr1,pol,Democratic Party,Hispanic - non-Hispanic white,613,6307,7.904025082372726,1.0910450330757786,13.3017590181137,1.3222972410334328,1.0506316357185865,77,0.5942090118765047,0.40262826610173197,0.7842691956197941,attenuated or kept,attenuated or kept,0.3197216580228275,False,True,False,reference too imprecise,attenuated or kept,reference too imprecise
rr1,pol,Democratic Party,a high school diploma - a bachelor's degree or more,1704,3706,-7.944573134482191,0.8087729984949594,-5.691881772737524,0.9560320015696707,0.5956056872177183,77,1.3957726902435694,1.0374810474347747,2.3673708523478325,kept or steepened,kept or steepened,0.5402174386720808,False,True,False,reference too imprecise,kept or steepened,reference too imprecise
rr1,pol,Democratic Party,18-29 - 65+,825,2149,7.532081264470648,1.1085085649846464,3.001621049959809,1.2583604839721265,1.0040643466836432,77,2.5093378341584796,,,steepened,no population gap,1.348345685367816,False,False,True,no population gap,no population gap,no population gap
rr1,pol,Democratic Party,Republican - Democrat,2527,2553,-61.66628258294828,0.19612799058932484,-56.953411421435035,0.5205687520415827,0.03173663392633927,77,1.0827495850360862,1.0532838651297447,1.1138857801365396,kept,kept,0.029397499586859326,False,False,False,kept,kept,kept
rr1,pol,Democratic Party,"$30,000 - more than $150,000",1037,417,0.7904697019742031,1.581134684247899,3.968570563028848,1.775080761264461,2.165803713453582,77,0.1991824737446295,,,undetermined,no population gap,1.4385867327028183,False,False,True,no population gap,no population gap,no population gap
rr1,pol,Republican Party,female - male,3932,3522,-5.072888252635096,0.5641012214715977,-1.2696311457179732,0.7225656192740357,0.31325025538945483,77,3.9955606553479677,,,steepened,no population gap,1.8304242719520656,False,False,True,no population gap,no population gap,no population gap
rr1,pol,Republican Party,non-Hispanic black - non-Hispanic white,547,6297,-18.564770826120643,0.744293777713105,-19.730812589146804,1.18945911652134,0.4994680262612252,77,0.9409024966529985,0.8074895483304267,1.1202426017454672,kept,kept,0.19389052568946005,False,False,False,kept,kept,kept
rr1,pol,Republican Party,Hispanic - non-Hispanic white,610,6297,-7.033081366022316,0.9661254520800872,-6.137396938953501,1.31254366738803,0.9044506507207142,77,1.1459388134705755,0.7568759959200319,2.6501293633969776,kept or steepened,kept or steepened,0.6878307524773342,True,True,False,reference too imprecise,reference too imprecise,reference too imprecise
rr1,pol,Republican Party,a high school diploma - a bachelor's degree or more,1700,3696,7.006840048716278,0.6874342047829638,12.208146167557928,0.8902831523770741,0.4488807994280118,77,0.5739479158052955,0.44773892721001013,0.7010430761318986,attenuated,attenuated,0.23454731993953212,False,False,False,attenuated,attenuated,attenuated
rr1,pol,Republican Party,18-29 - 65+,826,2145,-6.88210995828279,0.9836344942807038,-5.005605693741288,1.2401086219337667,0.8613470468732309,77,1.374880559786755,0.8654810725407339,4.718166080921298,kept or steepened,kept or steepened,0.7968106522251736,False,True,False,reference too imprecise,kept or steepened,reference too imprecise
rr1,pol,Republican Party,Republican - Democrat,2523,2550,55.2782368756972,0.166260838433421,53.517733790305655,0.5472684674994795,0.026051862223627917,77,1.0328956957013462,1.0013361887252965,1.0665038172626453,kept,kept,0.03288930915143494,False,False,False,kept,kept,kept
rr1,pol,Republican Party,"$30,000 - more than $150,000",1036,418,-0.9311804522329226,1.4587941895661418,4.3888160203949695,1.8425782150274637,2.0756989511149864,77,-0.21217122064486116,,,undetermined,no population gap,1.3503010238210444,False,False,True,no population gap,no population gap,no population gap
rr1,pol,Black Americans,female - male,3627,3249,2.11284593460681,0.2683836115076833,5.332239658394599,0.4851450747427104,0.029676916470109116,77,0.3962398672911363,0.2354055375274765,0.6076733659749615,missing or attenuated,missing or attenuated,0.29262673822797997,False,True,False,missing or attenuated,missing or attenuated,reference too imprecise
rr1,pol,Black Americans,non-Hispanic black - non-Hispanic white,491,5846,8.615188056058201,0.34524506726028864,16.061587535613683,0.8479800208211453,0.04653117179454639,77,0.5363845906860434,0.4426924050255428,0.658084448341221,attenuated,attenuated,0.1698044984658945,False,False,False,attenuated,attenuated,attenuated
rr1,pol,Black Americans,Hispanic - non-Hispanic white,539,5846,3.3976838692065883,0.476025313898495,3.3815018371980443,0.9440889987235426,0.08447605843939353,77,1.0047854571097772,0.4549301669545986,9.131940128633703,undetermined,undetermined,0.8979566055431937,True,True,False,reference too imprecise,reference too imprecise,reference too imprecise
rr1,pol,Black Americans,a high school diploma - a bachelor's degree or more,1529,3456,-3.1280016966489512,0.3508354474312826,-4.881213778976814,0.6184707530608516,0.03988159145881816,77,0.6408245650131377,0.38619988379483655,1.1091495160732496,attenuated or kept,attenuated or kept,0.4075147933441049,False,True,False,reference too imprecise,attenuated or kept,reference too imprecise
rr1,pol,Black Americans,18-29 - 65+,745,2011,2.826779648662807,0.48020840404646586,2.4608752532213742,0.8981963658511968,0.1330834858923426,77,1.1486887216092936,,,undetermined,no population gap,1.1739071151300486,False,False,True,no population gap,no population gap,no population gap
rr1,pol,Black Americans,Republican - Democrat,2320,2363,-23.809662200310846,0.11087520546352075,-11.229241941132685,0.5581281801775965,0.002782768333423561,77,2.1203267616041037,1.827834491924106,2.5235611496948183,steepened,steepened,0.15985843321086998,False,False,False,steepened,steepened,steepened
rr1,pol,Black Americans,"$30,000 - more than $150,000",941,381,0.29582176831665663,0.6846549313356481,-1.0841345416307604,1.204816891088758,0.16592491778068302,77,-0.2728644434404609,,,undetermined,no population gap,3.574290988560726,False,False,True,no population gap,no population gap,no population gap
rr1,pol,White Americans,female - male,3627,3233,-0.25919331822261427,0.10429699077641635,2.338398021983636,0.4688223647253116,0.0021206191093750353,77,-0.11084225858296937,-0.4264828277933955,0.033282372980486724,reversed or missing,reversed or missing,0.6448250885887358,False,True,False,reversed or missing,reversed or missing,reference too imprecise
rr1,pol,White Americans,non-Hispanic black - non-Hispanic white,490,5828,-2.0993367111097285,0.14925811982679046,-5.642918773549226,1.1181875043064655,0.005769047555486563,77,0.3720302905918507,0.21386990500931571,1.032839078734792,undetermined,undetermined,0.6373278198426627,True,True,False,reference too imprecise,reference too imprecise,reference too imprecise
rr1,pol,White Americans,Hispanic - non-Hispanic white,542,5828,-1.2281192201595985,0.18240793227883034,-3.1022003459567884,0.9359718259241119,0.011122104614829462,77,0.39588649448777585,0.15946253102963884,13.000355697260673,undetermined,undetermined,0.9703870104822491,True,True,False,reference too imprecise,reference too imprecise,reference too imprecise
rr1,pol,White Americans,a high school diploma - a bachelor's degree or more,1527,3450,0.470194347072578,0.13501134115968869,-0.9362654821901373,0.6031621815808701,0.006679765096545949,77,-0.5022019459402549,,,undetermined,no population gap,2.0719875016308915,False,False,True,no population gap,no population gap,no population gap
rr1,pol,White Americans,18-29 - 65+,747,1994,-1.0473203691487214,0.18856714762517937,-9.131279380309607,0.8916504805178661,0.011767161699690339,77,0.1146959068416118,0.0476426185333419,0.20361190261653583,missing,missing,0.3140617582067862,False,True,False,missing,missing,reference too imprecise
rr1,pol,White Americans,Republican - Democrat,2312,2358,5.786186533820654,0.10451391754285115,4.3620216534450975,0.5520402370409171,0.0031588768207240926,77,1.326491932760297,0.940251069279093,2.2354476299063712,kept or steepened,kept or steepened,0.40703800112887645,False,True,False,reference too imprecise,kept or steepened,reference too imprecise
rr1,pol,White Americans,"$30,000 - more than $150,000",936,380,-0.47681734493876604,0.2725114815698814,-2.2679374718848493,1.2448849396794828,0.004789037901385923,77,0.21024272090821366,,,undetermined,no population gap,1.7654286762622162,False,False,True,no population gap,no population gap,no population gap
rr1,pol,Asian Americans,female - male,2358,2129,0.9895372963908784,0.1657686693158212,1.790091673967197,0.5916431534835942,0.018663315902999474,77,0.552785821408726,,,undetermined,no population gap,1.0630081909648057,False,False,True,no population gap,no population gap,no population gap
rr1,pol,Asian Americans,non-Hispanic black - non-Hispanic white,329,3803,3.1923136923191464,0.2594294638165673,-0.41195360885302534,1.3661600038132122,0.015003343245511514,77,-7.749206764342446,,,reversed or missing,no population gap,10.666091259436199,False,False,True,no population gap,no population gap,no population gap
rr1,pol,Asian Americans,Hispanic - non-Hispanic white,355,3803,0.789453958199644,0.2824006883866067,2.0675189713088002,1.1200962957385374,0.06891485176014964,77,0.381836379329519,,,undetermined,no population gap,1.742440263722866,False,False,True,no population gap,no population gap,no population gap
rr1,pol,Asian Americans,a high school diploma - a bachelor's degree or more,1014,2224,-1.8188329785355961,0.20260670260089636,-7.045625629673779,0.7560007220637217,0.02134724441530892,77,0.25815067023647836,0.1576015496069302,0.41840492464526396,missing or attenuated,missing or attenuated,0.3451077303318381,False,True,False,missing or attenuated,missing or attenuated,reference too imprecise
rr1,pol,Asian Americans,18-29 - 65+,502,1249,0.17551499780307722,0.3068371516873301,-0.24337557695558587,1.061748228009896,0.06013513851049877,77,-0.7211693136945592,,,undetermined,no population gap,14.031257380424623,False,False,True,no population gap,no population gap,no population gap
rr1,pol,Asian Americans,Republican - Democrat,1503,1555,-8.939645737397427,0.12679503952561508,-6.262216831075264,0.6796843488396731,0.0067169180440047405,77,1.4275528903815409,1.057669483443495,2.189606904831995,kept or steepened,kept or steepened,0.34908501681984194,False,True,False,reference too imprecise,kept or steepened,reference too imprecise
rr1,pol,Asian Americans,"$30,000 - more than $150,000",565,239,-0.614551663002942,0.43778624580428344,-4.722049838930644,1.5157766003927209,0.011964060911403273,77,0.1301451030728878,,,undetermined,no population gap,1.0324206255621178,False,False,True,no population gap,no population gap,no population gap
rr1,pol,Gays and Lesbians,female - male,3708,3300,4.481951412984884,0.5271237197627343,8.337963126409726,0.6156741926560021,0.14189634337845677,77,0.5375355281661919,0.3546091471802901,0.7399706721260086,attenuated,attenuated,0.23748873802511572,False,False,False,attenuated,attenuated,attenuated
rr1,pol,Gays and Lesbians,non-Hispanic black - non-Hispanic white,508,5946,17.095822778822978,0.653440110722631,-1.1747651435094326,1.2748529628448277,0.1762215439059934,77,-14.552545139151645,,,reversed,no population gap,3.4902865678127935,False,False,True,no population gap,no population gap,no population gap
rr1,pol,Gays and Lesbians,Hispanic - non-Hispanic white,554,5946,6.7500572654250846,0.9168803840741101,2.3670993210859166,1.1722069696411985,0.384629053089126,77,2.8516155639504253,,,kept or steepened,no population gap,1.5927215591950425,False,False,True,no population gap,no population gap,no population gap
rr1,pol,Gays and Lesbians,a high school diploma - a bachelor's degree or more,1574,3512,-5.807726201320008,0.6657510304649059,-11.368631202368789,0.8148943530357227,0.23091145657304718,77,0.5108553613833388,0.34041350861687214,0.6996101685553431,attenuated,attenuated,0.2305394063060896,False,False,False,attenuated,attenuated,attenuated
rr1,pol,Gays and Lesbians,18-29 - 65+,765,2045,5.930805093141615,0.9214642436322485,12.018265496907809,1.1108948097196336,0.4558628964075455,77,0.4934826156625977,0.27074850421815516,0.7402780790147275,attenuated,attenuated,0.297291973655559,False,True,False,attenuated,attenuated,reference too imprecise
rr1,pol,Gays and Lesbians,Republican - Democrat,2346,2421,-47.63127061464005,0.14591562604226055,-24.879500660778298,0.7115916345195845,0.01921014066749873,77,1.9144785606460808,1.7554047285034484,2.105582707838006,steepened,steepened,0.09199012617454541,False,False,False,steepened,steepened,steepened
rr1,pol,Gays and Lesbians,"$30,000 - more than $150,000",962,393,1.1115240729257323,1.3254174943304093,-9.209013770082478,1.4690971782540132,0.6135096782648051,77,-0.12069957768298323,-0.8497936630072278,0.3189885907186582,undetermined,undetermined,0.5130851468366444,False,True,False,reference too imprecise,undetermined,reference too imprecise
rr1,pol,Muslims,female - male,3586,3242,3.763334583478674,0.444012424241592,5.505182777770706,0.5964389889906253,0.11780359061211025,77,0.6835984808124056,0.44774769665816433,1.0168664761020083,attenuated or kept,attenuated or kept,0.348454697144264,False,True,False,reference too imprecise,attenuated or kept,reference too imprecise
rr1,pol,Muslims,non-Hispanic black - non-Hispanic white,485,5812,13.34721154447638,0.5978489241039113,9.32159378747135,1.066952080437978,0.12230148927078165,77,1.4318593846489691,1.0349135649333567,2.2440628954506505,kept or steepened,kept or steepened,0.36813472195350744,False,True,False,reference too imprecise,kept or steepened,reference too imprecise
rr1,pol,Muslims,Hispanic - non-Hispanic white,531,5812,4.746216153109273,0.7472497991834529,4.496909763940572,1.0634393433427876,0.27614832904611225,77,1.0554394911740987,0.5139302645302896,3.8237851789416255,undetermined,undetermined,0.7605899645923027,True,True,False,reference too imprecise,reference too imprecise,reference too imprecise
rr1,pol,Muslims,a high school diploma - a bachelor's degree or more,1543,3421,-5.504147459265589,0.5538208392741032,-9.757153739351118,0.7353011890817892,0.16826760136197325,77,0.5641140445565668,0.3965881695293184,0.7632079634348659,attenuated or kept,attenuated or kept,0.24237853748060476,False,False,False,attenuated or kept,attenuated or kept,attenuated or kept
rr1,pol,Muslims,18-29 - 65+,711,2008,4.2260606221035175,0.8089586033728348,7.325057715691386,1.1177779878880019,0.40271884149769155,77,0.57693205789364,0.25731239633982855,1.058130617078929,attenuated or kept,attenuated or kept,0.49079094596298745,False,True,False,reference too imprecise,attenuated or kept,reference too imprecise
rr1,pol,Muslims,Republican - Democrat,2310,2321,-38.451319404884956,0.2058781748052416,-22.304224369627214,0.6798404108789748,0.023798582557004278,77,1.7239478391028946,1.5720403291390048,1.908313402397008,steepened,steepened,0.09803290931322561,False,False,False,steepened,steepened,steepened
rr1,pol,Muslims,"$30,000 - more than $150,000",937,384,-0.26304957323620215,1.1032369879781767,-4.562533351120599,1.44777720930789,0.5972872117630367,77,0.05765427954002677,,,undetermined,no population gap,1.0205815760941794,False,False,True,no population gap,no population gap,no population gap
rr1,pol,Jews,female - male,3700,3288,0.6969489975026875,0.11611850872174656,4.027708621029788,0.4905651238612797,0.010474373140351744,77,0.17303858423713242,0.08073657628353259,0.31229517881831265,missing or attenuated,missing or attenuated,0.3917334569295797,False,True,False,missing or attenuated,missing or attenuated,reference too imprecise
rr1,pol,Jews,non-Hispanic black - non-Hispanic white,505,5931,0.8214974762002356,0.2309999434249548,-4.757377831865128,1.0674736464573384,0.020967741800912182,77,-0.17267862785625498,-0.7455191690853117,-0.015196956852873495,reversed or missing,reversed or missing,0.7216748288278356,False,True,False,reversed or missing,reversed or missing,reference too imprecise
rr1,pol,Jews,Hispanic - non-Hispanic white,552,5931,-0.530810195121731,0.22601523617665328,-1.712991980236481,0.9252952295223874,0.04449521459823308,77,0.3098731349859863,,,undetermined,no population gap,1.7373088570097261,False,False,True,no population gap,no population gap,no population gap
rr1,pol,Jews,a high school diploma - a bachelor's degree or more,1567,3508,-1.5616338354011958,0.14963082314431853,-5.9402479809118915,0.6363469098238085,0.009843521058989732,77,0.26289034404275297,0.168267368514642,0.42178657477074516,missing or attenuated,missing or attenuated,0.344541392357288,False,True,False,missing or attenuated,missing or attenuated,reference too imprecise
rr1,pol,Jews,18-29 - 65+,762,2046,-0.876565722241665,0.22195248486958366,-4.898680736755409,0.9636215292068906,0.04654807337272793,77,0.1789391408312617,0.036444350176738895,0.4933779375112935,missing or attenuated,missing or attenuated,0.6326731426823641,False,True,False,missing or attenuated,missing or attenuated,reference too imprecise
rr1,pol,Jews,Republican - Democrat,2346,2409,-3.8188758955923277,0.11200356212898646,-3.199113724216204,0.5908314340656416,0.00808941721981116,77,1.1937293340604727,0.7485804612302975,2.915255837566231,undetermined,undetermined,0.5939993291174275,True,True,False,reference too imprecise,reference too imprecise,reference too imprecise
rr1,pol,Jews,"$30,000 - more than $150,000",961,395,-1.0013296189217584,0.32261914571671607,-4.273220142520316,1.246015634258217,0.05556745702115369,77,0.23432671042573086,-0.009961281077686198,3.3770017023154146,undetermined,undetermined,0.9378216732070224,True,True,False,reference too imprecise,reference too imprecise,reference too imprecise
rr1,pol,Liberals,female - male,3713,3318,5.7112214377903,0.6691344298745213,6.974228258499743,0.6962489485548188,0.3439309319483678,77,0.8189037160964483,0.6082278556064836,1.0547345263451604,attenuated or kept,attenuated or kept,0.3210853091646231,False,True,False,reference too imprecise,attenuated or kept,reference too imprecise
rr1,pol,Liberals,non-Hispanic black - non-Hispanic white,510,5965,20.420608692931438,0.8512757054883248,14.445819568397347,1.1352724810604455,0.36613265555331376,77,1.4135998720076044,1.1358907394841204,1.845484956953481,kept or steepened,kept or steepened,0.2527609418250563,False,True,False,reference too imprecise,kept or steepened,reference too imprecise
rr1,pol,Liberals,Hispanic - non-Hispanic white,556,5965,7.4968363415294945,1.1209524801496846,7.255919723567331,1.2375991827049737,0.8962169068785967,77,1.033202767828269,0.6521504105808832,1.8000371389748369,undetermined,undetermined,0.548579513512841,True,True,False,reference too imprecise,reference too imprecise,reference too imprecise
rr1,pol,Liberals,a high school diploma - a bachelor's degree or more,1570,3531,-8.257916587321958,0.8114707866509532,-10.17688769353154,0.8693449055850603,0.4751242928009428,77,0.8114383135593325,0.6218630409551987,1.0308587628721904,attenuated or kept,attenuated or kept,0.2747446041924091,False,True,False,reference too imprecise,attenuated or kept,reference too imprecise
rr1,pol,Liberals,18-29 - 65+,764,2052,6.8772191207391415,1.1480294525192725,5.080391496484083,1.213795242875886,0.9388624716216027,77,1.353678968539839,0.8019132328513067,3.97139952024845,kept or steepened,kept or steepened,0.7684228859509561,False,True,False,reference too imprecise,kept or steepened,reference too imprecise
rr1,pol,Liberals,Republican - Democrat,2361,2423,-59.87112643757658,0.18542129961874274,-45.60601852604478,0.6155901603847193,0.0492452240089543,77,1.3127900301883457,1.262238134681597,1.367808945780384,steepened,steepened,0.04341317515522858,False,False,False,steepened,steepened,steepened
rr1,pol,Liberals,"$30,000 - more than $150,000",967,394,0.043733139735664395,1.6139008753700395,-2.6650927301455596,1.718597691386067,2.0199093437209736,77,-0.016409612784196,,,undetermined,no population gap,2.074024774556258,False,False,True,no population gap,no population gap,no population gap
rr1,pol,Conservatives,female - male,3718,3313,-4.413018390021904,0.515970227276106,-1.2676482541350538,0.6760509336468049,0.24105114643099487,77,3.4812641248285474,,,steepened,no population gap,1.7152708007084194,False,False,True,no population gap,no population gap,no population gap
rr1,pol,Conservatives,non-Hispanic black - non-Hispanic white,512,5963,-15.733829625290987,0.6796909100433944,-8.954073885313598,1.2068256890235607,0.29874963904254015,77,1.7571699571406811,1.2502617520422006,2.9823394211148355,steepened,steepened,0.4334868353725349,False,True,False,steepened,steepened,reference too imprecise
rr1,pol,Conservatives,Hispanic - non-Hispanic white,556,5963,-6.0768136624052005,0.8787430536427971,-4.590638071464674,1.2002848458155915,0.6385397720089531,77,1.323740527526787,0.7642697264670619,6.136132085340902,kept or steepened,kept or steepened,0.8409367056631207,True,True,False,reference too imprecise,reference too imprecise,reference too imprecise
rr1,pol,Conservatives,a high school diploma - a bachelor's degree or more,1580,3524,6.4715062925842375,0.6338629408645787,9.285403525912727,0.8193351317590605,0.3339773744584255,77,0.6969547714888469,0.5285858848608782,0.9002671638465634,attenuated or kept,attenuated or kept,0.28380029029716664,False,True,False,reference too imprecise,attenuated or kept,reference too imprecise
rr1,pol,Conservatives,18-29 - 65+,761,2053,-6.105922066372784,0.8903026180749434,-11.250180339274664,1.1901800522612573,0.7319834479531578,77,0.5427399279153647,0.35017689914791983,0.7421102237753991,attenuated,attenuated,0.34025555424791587,False,True,False,attenuated,attenuated,reference too imprecise
rr1,pol,Conservatives,Republican - Democrat,2364,2418,47.62166158756351,0.17115967671965446,39.83529829157797,0.6163294296657473,0.04340519005667301,77,1.1954639134114817,1.1427571706106672,1.253538573523946,kept or steepened,kept or steepened,0.04976189064756611,False,False,False,kept or steepened,kept or steepened,kept or steepened
rr1,pol,Conservatives,"$30,000 - more than $150,000",964,395,-0.30969475197618834,1.3040510794535836,4.588555071169708,1.677829780269534,1.483144300625543,77,-0.06749287023316501,,,undetermined,no population gap,1.1760451371622636,False,False,True,no population gap,no population gap,no population gap
rr1,pol,Christians,female - male,3317,3040,-1.081300811910836,0.20384605125513547,2.7236615997334326,0.6168099347895861,0.0480358453314428,77,-0.39700262764532274,-1.862610062498705,-0.11397637445524553,reversed or missing,reversed or missing,0.7283669859252779,False,True,False,reversed or missing,reversed or missing,reference too imprecise
rr1,pol,Christians,non-Hispanic black - non-Hispanic white,445,5410,-4.2201494615986945,0.28505130609138307,3.440447361315904,1.2080204460173658,0.055248255172611345,77,-1.226628115009023,,,reversed,no population gap,1.129305407469256,False,False,True,no population gap,no population gap,no population gap
rr1,pol,Christians,Hispanic - non-Hispanic white,502,5410,-2.213391873301916,0.34811485878148846,-2.6725791841874695,1.10342886715218,0.1428586824454363,77,0.8281857040560772,,,undetermined,no population gap,1.3279013130063553,False,False,True,no population gap,no population gap,no population gap
rr1,pol,Christians,a high school diploma - a bachelor's degree or more,1385,3247,1.5449333791589197,0.2691996510656954,4.204156683370044,0.7356809978121005,0.05960117460968388,77,0.367477593133019,0.16836494203215177,0.8052134560936873,undetermined,undetermined,0.5628111408905104,True,True,False,reference too imprecise,reference too imprecise,reference too imprecise
rr1,pol,Christians,18-29 - 65+,687,1855,-2.9070486746535096,0.353851836562709,-12.998954005265283,1.066942662582697,0.11535668479935808,77,0.22363712291588977,0.1396606535505293,0.32593693542700736,missing or attenuated,missing or attenuated,0.26398832132115996,False,True,False,missing or attenuated,missing or attenuated,reference too imprecise
rr1,pol,Christians,Republican - Democrat,2035,2244,14.310417829310474,0.15116182132647088,17.809307703425347,0.6657734557617052,0.019856005395882278,77,0.8035358851460624,0.7182544847958868,0.9110765128168851,attenuated or kept,attenuated or kept,0.12023515808252438,False,False,False,attenuated or kept,attenuated or kept,attenuated or kept
rr1,pol,Christians,"$30,000 - more than $150,000",884,372,-0.7494906964140426,0.5164212236213582,3.268938841045099,1.4755563396613358,0.22121833599513901,77,-0.22927645112333336,,,undetermined,no population gap,1.4517807760534367,False,False,True,no population gap,no population gap,no population gap
