group,n,weighted_mean,se_design,se_srs,design_effect_on_se,ci_lo,ci_hi
All adults 18+,36274,2.9846,0.0401,0.0207,1.94,2.906,3.0631
Low,10723,4.2429,0.0779,0.0471,1.654,4.0901,4.3957
Middle,12494,3.1164,0.0546,0.0354,1.542,3.0094,3.2234
High,9967,2.2272,0.0382,0.0309,1.236,2.1524,2.3021
Cisgender men,17817,2.5045,0.0413,0.0269,1.54,2.4235,2.5855
Cisgender women,18457,3.4425,0.051,0.0309,1.652,3.3426,3.5425
Asian,2408,2.1565,0.0642,0.0614,1.046,2.0307,2.2823
White,15181,2.9117,0.0498,0.0311,1.601,2.814,3.0093
Black,7931,3.2416,0.0702,0.0477,1.47,3.1041,3.3791
Hispanic,9309,3.1542,0.0619,0.0431,1.437,3.0328,3.2755
