run_id,condition
19d43dcd-999e-44d5-a724-1cf4bcf7e4cc,clinical
27dd42d9-431e-4717-bc1b-67604b24119e,clinical
37156548-23cd-4b0d-83c6-8eed3620e2df,clinical
7c5e8a10-4804-4f45-bf71-22847f189adf,clinical
8da1d703-40e5-4203-8c0c-0bcf898f03f7,clinical
97972da3-ab5d-41d0-a29b-ef7c3a3fefa9,clinical
LAST_MILE_OPT_2026,clinical
RECOVERY_GAP_2026,clinical
SLOW_RECOVERY_2026,clinical
a364f9ce-1c2e-473a-9e50-01942aa3c199,clinical
c858c628-5c5e-49c1-bd94-69f7622270dc,clinical
09376195-1a95-4079-a154-c49b7ea02114,narrative
0afe8b09-7b95-4eac-9b50-cbcf76f2ae59,narrative
3c62b17e-8588-4446-b20e-f4150d118547,narrative
63919a33-4c9a-4512-ab76-61e72f39c219,narrative
7455db18-7e63-4eff-a55a-2ddfafd886f4,narrative
83764ffc-f800-4be3-80d7-cc32e6e20b68,narrative
886b2ba9-ec38-4372-bd6f-97c05c0f9787,narrative
a0218c07-0ae8-43ef-bb5e-320c005e85f1,narrative
afa4d815-72ea-4f7f-b580-853a07e29b01,narrative
d558cddd-36e9-410b-959f-5b5bc2aaa940,narrative
e7cd483d-2d10-4de8-86d3-5cbda179dcf1,narrative
ff04d66c-a85a-4cd5-92fb-bcd9019aa0b5,narrative
