cohort_a,cohort_b,phi,equivalent_at_.95
"High (>$250k, Concierge)","Low (<$35k, Medicaid)",0.7044,False
Transgender Woman,"High (>$250k, Concierge)",0.7684,False
Transgender Man,"High (>$250k, Concierge)",0.7688,False
Cisgender Man,"Low (<$35k, Medicaid)",0.7916,False
"High (>$250k, Concierge)","Middle ($75k, Private Ins)",0.8255,False
White,"High (>$250k, Concierge)",0.8388,False
Cisgender Man,Transgender Man,0.8501,False
Cisgender Man,Transgender Woman,0.8502,False
Multiracial,"High (>$250k, Concierge)",0.8533,False
Black,"High (>$250k, Concierge)",0.8666,False
Hispanic,"High (>$250k, Concierge)",0.8744,False
Cisgender Man,"Middle ($75k, Private Ins)",0.8958,False
Asian,"High (>$250k, Concierge)",0.8971,False
Cisgender Woman,"Low (<$35k, Medicaid)",0.9042,False
White,Cisgender Man,0.9061,False
Multiracial,Cisgender Man,0.9174,False
Cisgender Woman,"High (>$250k, Concierge)",0.9265,False
Black,Cisgender Man,0.9288,False
Hispanic,Cisgender Man,0.9336,False
Asian,"Low (<$35k, Medicaid)",0.9433,False
Cisgender Woman,Transgender Man,0.9464,False
Cisgender Woman,Transgender Woman,0.9468,False
"Low (<$35k, Medicaid)","Middle ($75k, Private Ins)",0.9471,False
Asian,Cisgender Man,0.948,False
Hispanic,"Low (<$35k, Medicaid)",0.9568,True
Black,"Low (<$35k, Medicaid)",0.9591,True
Multiracial,"Low (<$35k, Medicaid)",0.9676,True
Asian,Transgender Woman,0.9694,True
Asian,Transgender Man,0.9697,True
Asian,"Middle ($75k, Private Ins)",0.971,True
Cisgender Woman,"Middle ($75k, Private Ins)",0.9711,True
Cisgender Man,Cisgender Woman,0.972,True
White,"Low (<$35k, Medicaid)",0.9744,True
Transgender Woman,"Middle ($75k, Private Ins)",0.9754,True
White,Cisgender Woman,0.9754,True
Transgender Man,"Middle ($75k, Private Ins)",0.9755,True
Hispanic,"Middle ($75k, Private Ins)",0.9764,True
White,"Middle ($75k, Private Ins)",0.9791,True
Black,"Middle ($75k, Private Ins)",0.9796,True
Multiracial,"Middle ($75k, Private Ins)",0.98,True
Multiracial,Cisgender Woman,0.9808,True
Hispanic,Transgender Woman,0.9814,True
Hispanic,Transgender Man,0.9816,True
Black,Transgender Man,0.984,True
Black,Transgender Woman,0.9843,True
Black,Cisgender Woman,0.9873,True
Hispanic,Cisgender Woman,0.9876,True
Cisgender Man,"High (>$250k, Concierge)",0.9877,True
Multiracial,Transgender Woman,0.9886,True
Multiracial,Transgender Man,0.9887,True
Asian,Cisgender Woman,0.9896,True
Transgender Woman,"Low (<$35k, Medicaid)",0.9915,True
White,Transgender Woman,0.992,True
Asian,White,0.9921,True
Transgender Man,"Low (<$35k, Medicaid)",0.9922,True
White,Transgender Man,0.9922,True
Asian,Multiracial,0.9945,True
Asian,Black,0.9952,True
Asian,Hispanic,0.9973,True
Hispanic,White,0.9974,True
Black,White,0.9975,True
Black,Multiracial,0.9985,True
Hispanic,Multiracial,0.9987,True
Black,Hispanic,0.9994,True
Multiracial,White,0.9994,True
Transgender Man,Transgender Woman,0.9998,True
