source,dimension,cohort,n,srmr,good_fit,mean_loading,pct_variance,phi_vs_nhanes
NHANES adults,population,All adults 18+,36274,0.0421,True,0.6372,41.0,1.0
simulated,race,Asian,5760,0.0992,False,0.5056,26.97,0.9753
simulated,race,Black,5760,0.0973,False,0.5252,28.93,0.9713
simulated,race,Hispanic,5760,0.0965,False,0.5233,28.58,0.9764
simulated,race,Multiracial,5760,0.0976,False,0.5252,28.85,0.9756
simulated,race,White,5760,0.0967,False,0.5353,29.99,0.9742
simulated,gender,Cisgender Man,7200,0.1155,False,0.4334,23.09,0.9067
simulated,gender,Cisgender Woman,7200,0.1141,False,0.4659,23.92,0.9486
simulated,gender,Transgender Man,7200,0.0936,False,0.4896,26.07,0.9525
simulated,gender,Transgender Woman,7200,0.0931,False,0.4993,27.06,0.9523
simulated,ses,"High (>$250k, Concierge)",9600,0.1063,False,0.369,19.29,0.8531
simulated,ses,"Low (<$35k, Medicaid)",9600,0.1004,False,0.4503,22.98,0.9358
simulated,ses,"Middle ($75k, Private Ins)",9600,0.1252,False,0.423,20.99,0.9151
